2, ABE, BOM
5, ABE, DEL
1, ABE, HYD
1, ABE, LKO
1, ABE, VNS
14, ABQ, AMD
29, ABQ, ATQ
43, ABQ, BLR
160, ABQ, BOM
1, ABQ, BOS
1, ABQ, CCJ
13, ABQ, CCU
9, ABQ, COK
185, ABQ, DEL
9, ABQ, DPS
2, ABQ, GOI
47, ABQ, HYD
1, ABQ, IDR
6, ABQ, IST
1, ABQ, JAI
4, ABQ, JTR
72, ABQ, MAA
23, ABQ, TRV
12, ACC, AMD
4, ACC, BLR
5, ACC, BOM
7, ACC, LAX
1, AGS, HYD
1, AGS, IXU
1, AKL, BOM
3, AKL, DEL
2, AKL, SFO
17, ALB, BOM
1, ALB, JFK
1, ALB, MAA
1, ALS, MAA
9, AMD, ABQ
1, AMD, ADS
1182, AMD, ATL
240, AMD, AUS
2, AMD, BHX
1, AMD, BJS
3, AMD, BKK
25, AMD, BNA
1, AMD, BOI
1, AMD, BOM
810, AMD, BOS
13, AMD, BUF
42, AMD, BWI
2, AMD, CAK
1136, AMD, CHI
101, AMD, CLE
257, AMD, CLT
34, AMD, CMH
29, AMD, CVG
5, AMD, DAL
1, AMD, DAR
3, AMD, DAY
6, AMD, DCA
9, AMD, DEL
35, AMD, DEN
755, AMD, DFW
1, AMD, DPS
6, AMD, DSM
53, AMD, DTT
440, AMD, DTW
40, AMD, DXB
3038, AMD, EWR
59, AMD, FLL
1, AMD, HKG
21, AMD, HNL
267, AMD, HOU
900, AMD, IAD
964, AMD, IAH
55, AMD, IND
127, AMD, JAX
2515, AMD, JFK
28, AMD, LAS
1695, AMD, LAX
4, AMD, LGA
2, AMD, LHR
1, AMD, LIT
78, AMD, MCI
242, AMD, MCO
4, AMD, MDW
8, AMD, MEM
114, AMD, MIA
1, AMD, MKE
4, AMD, MOB
1, AMD, MOW
16, AMD, MSP
22, AMD, MSY
3, AMD, NBO
2651, AMD, NYC
1, AMD, OAK
2, AMD, ONT
2150, AMD, ORD
31, AMD, ORL
11, AMD, PBI
41, AMD, PDX
259, AMD, PHL
309, AMD, PHX
100, AMD, PIT
3, AMD, PRG
1, AMD, PVD
182, AMD, RDU
3, AMD, RIC
13, AMD, ROC
1, AMD, SAC
45, AMD, SAN
6, AMD, SAT
2, AMD, SAV
1, AMD, SDF
537, AMD, SEA
4, AMD, SEL
1705, AMD, SFO
1, AMD, SHA
57, AMD, SJC
10, AMD, SLC
21, AMD, SMF
1, AMD, SNA
2, AMD, SRQ
38, AMD, STL
4, AMD, SYD
1, AMD, TIJ
4, AMD, TLH
214, AMD, TPA
263, AMD, WAS
1, AMD, YQY
5, AMD, YYZ
1, AMM, TRV
1, AMS, AMD
4, AMS, BLR
8, AMS, BOM
2, AMS, BOS
1, AMS, DEL
1, AMS, SEA
14, ANC, BLR
18, ANC, BOM
2, ANC, CCU
175, ANC, DEL
2, ANC, GOI
2, ANC, HYD
1, ANC, IST
3, ANC, LGA
2, ANC, MAA
1, ANC, TPA
1, AOH, AMD
2, AQJ, DEL
1, AST, COK
1, ATH, ABQ
2, ATH, ATL
2, ATH, DEL
3, ATL, AKL
6303, ATL, AMD
16, ATL, AMS
342, ATL, ATQ
14, ATL, AUH
19, ATL, BBI
2, ATL, BCN
543, ATL, BDQ
29, ATL, BHO
2, ATL, BHX
8, ATL, BKK
5330, ATL, BLR
16809, ATL, BOM
1, ATL, BRN
1, ATL, BUD
1, ATL, CAI
2, ATL, CAN
48, ATL, CCJ
870, ATL, CCU
26, ATL, CDG
93, ATL, CJB
1003, ATL, COK
1, ATL, CPH
2, ATL, DAC
1, ATL, DBV
12408, ATL, DEL
3, ATL, DOH
1, ATL, DUB
12, ATL, DXB
4, ATL, EWR
7, ATL, FCO
2, ATL, FRA
5, ATL, GLA
307, ATL, GOI
1, ATL, GVA
6, ATL, HKG
12716, ATL, HYD
4, ATL, ICN
156, ATL, IDR
12, ATL, IST
3, ATL, IXC
5, ATL, IXE
14, ATL, IXU
39, ATL, JAI
7, ATL, JED
85, ATL, JFK
2, ATL, JNB
18, ATL, KBL
1, ATL, KEF
1, ATL, KHI
1, ATL, KUL
9, ATL, KWI
44, ATL, LHR
15, ATL, LKO
12, ATL, LON
8024, ATL, MAA
1, ATL, MAD
8, ATL, MAN
1, ATL, MCO
4, ATL, MEL
1, ATL, MLE
1, ATL, MNL
235, ATL, NAG
27, ATL, NYC
4, ATL, OPO
2, ATL, ORD
24, ATL, PAR
4, ATL, PAT
2, ATL, PDX
2, ATL, PHL
250, ATL, PNQ
1, ATL, PRG
4, ATL, RAJ
3, ATL, REK
3, ATL, RJA
5, ATL, ROM
1, ATL, SHA
2, ATL, SHJ
23, ATL, SIN
2, ATL, SRG
4, ATL, SXR
1, ATL, SYD
630, ATL, TRV
41, ATL, TRZ
2, ATL, TYO
4, ATL, VIE
2, ATL, VNS
237, ATL, VTZ
1, ATL, WAS
2, ATL, YMQ
4, ATL, ZRH
3, ATQ, ABQ
14, ATQ, ATL
11, ATQ, AUS
2, ATQ, BDL
4, ATQ, BHM
2, ATQ, BNA
98, ATQ, BOS
6, ATQ, BWI
127, ATQ, CHI
5, ATQ, CLE
9, ATQ, CLT
3, ATQ, CMH
6, ATQ, CVG
1, ATQ, DAY
1, ATQ, DCA
2, ATQ, DEL
28, ATQ, DEN
60, ATQ, DFW
6, ATQ, DOH
2, ATQ, DTT
22, ATQ, DTW
95, ATQ, EWR
3, ATQ, FLL
3, ATQ, GLA
26, ATQ, HNL
5, ATQ, HOU
57, ATQ, IAD
21, ATQ, IAH
2, ATQ, IND
2, ATQ, JAX
341, ATQ, JFK
2, ATQ, JTR
1, ATQ, KUL
12, ATQ, LAS
21, ATQ, LAX
6, ATQ, LHR
1, ATQ, MCI
5, ATQ, MCO
1, ATQ, MEM
15, ATQ, MIA
4, ATQ, MKE
7, ATQ, MSP
315, ATQ, NYC
3, ATQ, OMA
149, ATQ, ORD
2, ATQ, PDX
13, ATQ, PHL
1, ATQ, PHX
1, ATQ, PIT
11, ATQ, RDU
1, ATQ, SAN
13, ATQ, SEA
210, ATQ, SFO
4, ATQ, SJC
8, ATQ, SLC
1, ATQ, SMF
4, ATQ, STL
2, ATQ, TPA
22, ATQ, WAS
1, ATW, BOM
1, ATW, CAN
1, ATW, IDR
3, AUH, CHI
5, AUH, DEL
2, AUH, JFK
1, AUH, JNB
2, AUH, NYC
327, AUS, AMD
47, AUS, ATQ
5, AUS, BBI
4, AUS, BDQ
2, AUS, BHO
1543, AUS, BLR
1963, AUS, BOM
5, AUS, CCJ
211, AUS, CCU
1, AUS, CDG
2, AUS, CJB
1, AUS, CNX
173, AUS, COK
2838, AUS, DEL
1, AUS, DUB
4, AUS, DXB
19, AUS, GOI
1, AUS, HNL
1838, AUS, HYD
1, AUS, IDR
1, AUS, IST
2, AUS, IXZ
13, AUS, JAI
1, AUS, JED
2, AUS, LKO
4, AUS, LON
1599, AUS, MAA
3, AUS, MNL
50, AUS, NAG
11, AUS, NYC
1, AUS, ORD
2, AUS, OSL
1, AUS, PAR
17, AUS, PAT
152, AUS, PNQ
1, AUS, SGN
15, AUS, SIN
58, AUS, TRV
3, AUS, TYO
79, AUS, VGA
34, AUS, VTZ
1, AUS, ZRH
4, AVL, DEL
1, AVL, NYC
2, AYT, DEL
11, BAH, DEL
3, BAH, WAS
1, BBI, ATL
4, BBI, AUS
7, BBI, BOS
2, BBI, BWI
63, BBI, CHI
1, BBI, CLT
1, BBI, CVG
2, BBI, DEN
3, BBI, DFW
1, BBI, DTW
88, BBI, EWR
1, BBI, FLL
49, BBI, IAD
1, BBI, IAH
199, BBI, JFK
11, BBI, LAS
12, BBI, LAX
1, BBI, MIA
2, BBI, MSP
91, BBI, NYC
108, BBI, ORD
1, BBI, ORL
2, BBI, PHL
1, BBI, SAN
1, BBI, SEA
249, BBI, SFO
1, BBI, SLC
1, BBI, TPA
9, BBI, WAS
4, BCN, AMD
2, BCN, BOM
1, BCN, COK
4, BCN, DEL
2, BCN, DHM
1, BDA, JFK
1, BDL, ADD
10, BDL, AMD
2, BDL, ATQ
13, BDL, BLR
113, BDL, BOM
1, BDL, BOS
10, BDL, CCU
9, BDL, COK
89, BDL, DEL
2, BDL, GOI
59, BDL, HYD
2, BDL, IXC
2, BDL, LKO
23, BDL, MAA
1, BDL, NAG
1, BDL, PAT
2, BDL, PNQ
6, BDL, TRV
2, BDQ, ABQ
52, BDQ, ATL
7, BDQ, AUS
3, BDQ, BOM
31, BDQ, BOS
14, BDQ, BWI
22, BDQ, CHI
16, BDQ, CLT
3, BDQ, CMH
3, BDQ, DEL
46, BDQ, DFW
4, BDQ, DSM
1, BDQ, DTT
10, BDQ, DTW
121, BDQ, EWR
1, BDQ, GSO
4, BDQ, HOU
74, BDQ, IAD
11, BDQ, IAH
2, BDQ, IND
1, BDQ, JAX
105, BDQ, JFK
4, BDQ, LAS
143, BDQ, LAX
1, BDQ, LHR
2, BDQ, MCI
1, BDQ, MIA
1, BDQ, MKE
9, BDQ, MSP
2, BDQ, MSY
51, BDQ, NYC
53, BDQ, ORD
3, BDQ, PDX
6, BDQ, PHL
11, BDQ, PHX
1, BDQ, PIT
22, BDQ, RDU
18, BDQ, SAN
17, BDQ, SEA
81, BDQ, SFO
5, BDQ, SIN
2, BDQ, SJC
1, BDQ, SLC
3, BDQ, STL
3, BDQ, TPA
22, BDQ, WAS
1, BED, MAA
1, BER, LAS
1, BEY, HYD
23, BEY, LAX
6, BGI, CHI
5, BGI, MIA
1, BGI, ORD
5, BHM, AMD
16, BHM, ATQ
35, BHM, BLR
52, BHM, BOM
14, BHM, CCU
4, BHM, COK
87, BHM, DEL
34, BHM, HYD
9, BHM, LON
22, BHM, MAA
2, BHM, PNQ
1, BHM, TRV
8, BHO, ATL
55, BHO, BOS
3, BHO, BWI
23, BHO, CHI
3, BHO, CLE
9, BHO, CLT
3, BHO, CVG
2, BHO, DAL
1, BHO, DEN
1, BHO, DFW
26, BHO, DTT
52, BHO, EWR
61, BHO, IAD
2, BHO, IAH
2, BHO, IND
3, BHO, JAX
16, BHO, JFK
1, BHO, LAX
2, BHO, MCI
5, BHO, MCO
1, BHO, MIA
7, BHO, MSP
37, BHO, NYC
2, BHO, OMA
33, BHO, ORD
2, BHO, PDX
1, BHO, PHL
2, BHO, PHX
20, BHO, RDU
11, BHO, SEA
115, BHO, SFO
1, BHO, SJC
3, BHO, STL
1, BHO, SWF
4, BHO, TPA
11, BHO, WAS
1, BHX, SFO
4, BHZ, BLR
15, BIL, BLR
9, BIL, DEL
1, BIO, BCN
10, BIS, BOM
8, BIS, DEL
1, BIS, HYD
2, BJS, DEL
29, BJS, HYD
1, BJS, LAX
2, BJS, LGB
1, BKK, AMD
3, BKK, BAL
2, BKK, BER
6, BKK, BLR
11, BKK, BOM
5, BKK, CCD
1, BKK, CNX
8, BKK, DEL
3, BKK, DPS
2, BKK, HYD
1, BKK, IST
11, BKK, JFK
4, BKK, LAX
1, BKK, MNL
4, BKK, NYC
4, BKK, ORD
1, BKK, RGN
8, BKK, SFO
1, BLI, CHI
2, BLI, DEC
14, BLR, ABQ
1, BLR, AMD
1, BLR, AMM
7, BLR, AMS
8, BLR, ANC
1967, BLR, ATL
14, BLR, AUH
552, BLR, AUS
47, BLR, BDL
2, BLR, BHM
3, BLR, BKK
93, BLR, BNA
15, BLR, BOI
3, BLR, BOM
2698, BLR, BOS
58, BLR, BUF
87, BLR, BWI
4, BLR, CDG
1, BLR, CGN
1443, BLR, CHI
95, BLR, CLE
794, BLR, CLT
149, BLR, CMH
5, BLR, CRP
178, BLR, CVG
10, BLR, DAL
20, BLR, DAY
18, BLR, DCA
3, BLR, DEL
408, BLR, DEN
4313, BLR, DFW
12, BLR, DOH
1, BLR, DPS
39, BLR, DSM
279, BLR, DTT
1557, BLR, DTW
36, BLR, DXB
1, BLR, EDI
1, BLR, EUG
1790, BLR, EWR
62, BLR, FLL
3, BLR, GNV
2, BLR, GSO
4, BLR, HBX
1, BLR, HKG
40, BLR, HNL
396, BLR, HOU
1, BLR, HSV
1895, BLR, IAD
1015, BLR, IAH
6, BLR, ICN
59, BLR, IND
19, BLR, JAN
41, BLR, JAX
1953, BLR, JFK
8, BLR, KUL
161, BLR, LAS
3929, BLR, LAX
1, BLR, LCK
11, BLR, LGA
5, BLR, LHR
1, BLR, LIT
20, BLR, LON
2, BLR, LPA
313, BLR, MCI
274, BLR, MCO
5, BLR, MDW
4, BLR, MDZ
6, BLR, MEL
21, BLR, MEM
276, BLR, MIA
7, BLR, MKC
7, BLR, MKE
1, BLR, MLE
1, BLR, MOW
665, BLR, MSP
34, BLR, MSY
1, BLR, NEW
3133, BLR, NYC
6, BLR, OAK
36, BLR, OMA
2290, BLR, ORD
60, BLR, ORL
3, BLR, PAR
2, BLR, PBI
404, BLR, PDX
699, BLR, PHL
555, BLR, PHX
185, BLR, PIT
1, BLR, PWM
1136, BLR, RDU
14, BLR, RIC
67, BLR, ROC
445, BLR, SAN
78, BLR, SAT
6, BLR, SBA
2349, BLR, SEA
4, BLR, SFB
10420, BLR, SFO
7, BLR, SIN
588, BLR, SJC
138, BLR, SLC
48, BLR, SMF
1, BLR, SNA
161, BLR, STL
1, BLR, SVQ
8, BLR, TIR
341, BLR, TPA
20, BLR, TUS
900, BLR, WAS
3, BLR, WAW
1, BLR, WIL
35, BLR, YTO
7, BLR, YYZ
1, BLR, ZRH
1, BMI, BOM
1, BNA, AKL
89, BNA, AMD
2, BNA, ATL
5, BNA, ATQ
3, BNA, AUH
5, BNA, BDQ
6, BNA, BEY
7, BNA, BGO
380, BNA, BLR
746, BNA, BOM
27, BNA, CCU
15, BNA, COK
537, BNA, DEL
2, BNA, DXB
2, BNA, GOI
1, BNA, HKG
831, BNA, HYD
3, BNA, JAI
5, BNA, JFK
3, BNA, KUL
2, BNA, LHR
12, BNA, LON
425, BNA, MAA
2, BNA, NAG
2, BNA, NYC
18, BNA, PNQ
2, BNA, REK
3, BNA, SEZ
1, BNA, SFO
1, BNA, SHA
1, BNA, SJU
22, BNA, TRV
7, BNE, SFO
10, BOG, DEL
1, BOG, EWR
1, BOG, HYD
1, BOG, LAX
2, BOG, MAA
1, BOG, MIA
2, BOI, AMD
24, BOI, BLR
20, BOI, BOM
1, BOI, CCU
26, BOI, COK
86, BOI, DEL
41, BOI, HYD
8, BOI, MAA
1, BOI, NBO
1, BOI, SIN
3, BOI, TRV
3, BOM, ABE
72, BOM, ABQ
1, BOM, ADS
1, BOM, AKL
1, BOM, ALA
10, BOM, ALB
3, BOM, AMM
36, BOM, AMS
13, BOM, ANC
24, BOM, ATH
6203, BOM, ATL
1, BOM, ATW
85, BOM, AUH
1177, BOM, AUS
1, BOM, BAH
10, BOM, BCN
18, BOM, BDL
7, BOM, BER
1, BOM, BGW
5, BOM, BHM
1, BOM, BHO
2, BOM, BHX
2, BOM, BJS
4, BOM, BKK
1, BOM, BLR
514, BOM, BNA
1, BOM, BOB
14, BOM, BOI
9488, BOM, BOS
5, BOM, BRU
80, BOM, BUF
176, BOM, BWI
2, BOM, CAK
47, BOM, CDG
2, BOM, CGN
3500, BOM, CHI
398, BOM, CLE
1513, BOM, CLT
4, BOM, CMB
226, BOM, CMH
2, BOM, CRP
6, BOM, CRW
5, BOM, CTU
7, BOM, CUN
317, BOM, CVG
1, BOM, CWA
27, BOM, DAL
26, BOM, DAY
83, BOM, DCA
8, BOM, DEL
1294, BOM, DEN
4042, BOM, DFW
6, BOM, DOH
54, BOM, DSM
480, BOM, DTT
1431, BOM, DTW
207, BOM, DXB
1, BOM, EUG
14422, BOM, EWR
16, BOM, FAI
29, BOM, FAT
467, BOM, FLL
2, BOM, FNT
9, BOM, FRA
1, BOM, FWA
2, BOM, GAN
1, BOM, GRK
1, BOM, GRU
11, BOM, GSO
54, BOM, GSP
2, BOM, GVA
9, BOM, HAM
3, BOM, HAV
8, BOM, HKG
119, BOM, HNL
1483, BOM, HOU
7, BOM, HSV
4643, BOM, IAD
4, BOM, IAG
4697, BOM, IAH
13, BOM, ICT
2, BOM, IEV
305, BOM, IND
11, BOM, IST
1, BOM, JAN
57, BOM, JAX
7060, BOM, JFK
1, BOM, KHI
1, BOM, KUL
1, BOM, KWI
124, BOM, LAS
10596, BOM, LAX
5, BOM, LBB
4, BOM, LEX
40, BOM, LGA
1, BOM, LGB
111, BOM, LHR
1, BOM, LIM
8, BOM, LIS
19, BOM, LIT
7, BOM, LKO
70, BOM, LON
5, BOM, MAD
7, BOM, MAN
174, BOM, MCI
1570, BOM, MCO
2, BOM, MCT
1, BOM, MDT
19, BOM, MDW
4, BOM, MEL
157, BOM, MEM
3, BOM, MEX
1992, BOM, MIA
9, BOM, MIL
14, BOM, MKE
17, BOM, MMU
2, BOM, MOB
1, BOM, MOW
6, BOM, MRS
785, BOM, MSP
38, BOM, MSY
7, BOM, MUC
3, BOM, NAP
1, BOM, NBO
1, BOM, NEW
18072, BOM, NYC
12, BOM, OAK
20, BOM, OKC
24, BOM, OMA
4841, BOM, ORD
449, BOM, ORL
1, BOM, OSL
10, BOM, PAR
5, BOM, PBI
836, BOM, PDX
3, BOM, PEK
1808, BOM, PHL
1074, BOM, PHX
541, BOM, PIT
6, BOM, PRG
1, BOM, PRI
1, BOM, PVD
1487, BOM, RDU
3, BOM, REK
23, BOM, RIC
1, BOM, RNO
103, BOM, ROC
9, BOM, ROM
1, BOM, SAC
1, BOM, SAF
1372, BOM, SAN
2, BOM, SAO
222, BOM, SAT
89, BOM, SAV
30, BOM, SDF
4018, BOM, SEA
4, BOM, SEZ
1, BOM, SFB
16570, BOM, SFO
7, BOM, SHA
50, BOM, SIN
1031, BOM, SJC
26, BOM, SJO
128, BOM, SLC
27, BOM, SMF
7, BOM, SNA
1, BOM, SOF
381, BOM, STL
5, BOM, SYD
2, BOM, TAS
6, BOM, TIA
9, BOM, TLH
1, BOM, TLL
4, BOM, TLV
496, BOM, TPA
2, BOM, TUL
30, BOM, TUS
2, BOM, TXL
12, BOM, TYO
26, BOM, TYS
4, BOM, VCE
3, BOM, VIE
1, BOM, VTZ
3079, BOM, WAS
1, BOM, XNA
234, BOM, YTO
3, BOM, YUL
13, BOM, YVR
92, BOM, YYZ
3, BOM, ZQN
1, BOM, ZRH
1, BOS, ADD
2348, BOS, AMD
6, BOS, AMS
1, BOS, ATH
2, BOS, ATL
181, BOS, ATQ
6, BOS, AUH
38, BOS, BBI
2, BOS, BCN
236, BOS, BDQ
2, BOS, BEG
4, BOS, BHJ
128, BOS, BHO
1, BOS, BKB
2, BOS, BKK
6513, BOS, BLR
21227, BOS, BOM
2, BOS, BUD
1, BOS, CAI
151, BOS, CCJ
1713, BOS, CCU
6, BOS, CDG
4, BOS, CHI
4, BOS, CJB
2, BOS, CMB
1693, BOS, COK
3, BOS, CPH
2, BOS, DED
14824, BOS, DEL
5, BOS, DEN
2, BOS, DFW
3, BOS, DOH
2, BOS, DPS
10, BOS, DUB
108, BOS, DXB
1, BOS, EWR
1, BOS, FCO
53, BOS, FRA
176, BOS, GOI
1, BOS, GRU
9, BOS, HKG
11017, BOS, HYD
2, BOS, ICN
49, BOS, IDR
2, BOS, IKA
16, BOS, IST
10, BOS, IXC
1, BOS, IXE
9, BOS, IXZ
62, BOS, JAI
1, BOS, JAX
2, BOS, JDH
1, BOS, JSA
1, BOS, KIX
1, BOS, KNU
9, BOS, KTM
3, BOS, KUL
2, BOS, KWI
1, BOS, LAS
19, BOS, LHR
7, BOS, LIS
21, BOS, LKO
15, BOS, LON
6011, BOS, MAA
2, BOS, MNL
240, BOS, NAG
1, BOS, NYC
5, BOS, OSL
9, BOS, PAR
2, BOS, PAT
1, BOS, PBH
1, BOS, PDL
1, BOS, PGH
4, BOS, PHL
7, BOS, PHX
540, BOS, PNQ
2, BOS, PTY
16, BOS, PVG
5, BOS, RAJ
2, BOS, REK
4, BOS, ROM
1, BOS, RUH
4, BOS, SAC
7, BOS, SAN
1, BOS, SEZ
3, BOS, SFO
1, BOS, SHL
26, BOS, SIN
1, BOS, SJD
45, BOS, STV
6, BOS, SXR
6, BOS, SYD
467, BOS, TRV
13, BOS, TRZ
2, BOS, TYO
2, BOS, ULN
1, BOS, VCE
1, BOS, VGA
3, BOS, VTZ
10, BOS, ZRH
1, BRE, NYC
1, BRO, DEL
1, BRU, BOM
1, BRU, DEL
2, BTR, BLR
1, BTR, BOM
7, BTR, DEL
1, BTR, DFW
106, BTV, DEL
5, BUD, BOM
3, BUE, DEL
1, BUE, IAH
4, BUF, AMD
82, BUF, BLR
113, BUF, BOM
303, BUF, DEL
682, BUF, HYD
10, BUF, IXU
1, BUF, KTM
5, BUF, LAX
94, BUF, MAA
2, BUF, PNQ
1, BUR, BLR
80, BWI, AMD
1, BWI, AMS
21, BWI, ATQ
2, BWI, BBI
15, BWI, BDQ
1, BWI, BHO
201, BWI, BLR
361, BWI, BOM
1, BWI, CCJ
62, BWI, CCU
4, BWI, CJB
24, BWI, COK
782, BWI, DEL
3, BWI, DXB
2, BWI, GOI
343, BWI, HYD
2, BWI, IDR
2, BWI, IXZ
5, BWI, JAI
5, BWI, LHR
1, BWI, LKO
1, BWI, LOS
227, BWI, MAA
26, BWI, NAG
1, BWI, NRT
1, BWI, PAR
21, BWI, PNQ
1, BWI, SXR
10, BWI, TRV
19, BWI, VGA
8, BWI, VTZ
2, BZE, LAX
1, BZN, MDW
13, CAE, DEL
1, CAI, DEL
2, CAI, HYD
9, CAK, AMD
4, CAK, BOM
1, CAK, DEL
14, CAK, HYD
1, CAK, KTM
2, CAK, MAA
7, CAN, DEL
4, CAN, SFO
15, CCJ, ATL
1, CCJ, AUS
5, CCJ, BLR
13, CCJ, BOS
61, CCJ, CHI
3, CCJ, CLT
1, CCJ, CMH
1, CCJ, DEN
67, CCJ, DFW
3, CCJ, DOH
1, CCJ, DTW
1, CCJ, DXB
11, CCJ, EWR
67, CCJ, IAD
11, CCJ, IAH
2, CCJ, IND
1, CCJ, JAX
1, CCJ, JED
113, CCJ, JFK
37, CCJ, LAX
2, CCJ, MCO
2, CCJ, MIA
2, CCJ, MSP
74, CCJ, NYC
24, CCJ, ORD
1, CCJ, ORL
4, CCJ, PDX
1, CCJ, PHL
10, CCJ, PHX
6, CCJ, RDU
5, CCJ, SEA
44, CCJ, SFO
1, CCJ, TPA
10, CCJ, WAS
10, CCU, ABQ
2, CCU, ALB
2, CCU, AMM
6, CCU, ANC
200, CCU, ATL
5, CCU, AUH
37, CCU, AUS
3, CCU, BDL
2, CCU, BEG
1, CCU, BHM
34, CCU, BNA
1, CCU, BOI
582, CCU, BOS
29, CCU, BWI
528, CCU, CHI
20, CCU, CLE
37, CCU, CLT
15, CCU, CMH
13, CCU, CVG
1, CCU, DAL
9, CCU, DCA
2, CCU, DEL
82, CCU, DEN
532, CCU, DFW
5, CCU, DOH
2, CCU, DPS
20, CCU, DTT
82, CCU, DTW
17, CCU, DXB
571, CCU, EWR
15, CCU, FLL
1, CCU, GRR
1, CCU, HKG
32, CCU, HNL
59, CCU, HOU
380, CCU, IAD
362, CCU, IAH
11, CCU, IND
1, CCU, IST
13, CCU, JAX
884, CCU, JFK
2, CCU, KOA
1, CCU, KUL
35, CCU, LAS
834, CCU, LAX
1, CCU, LBB
7, CCU, LGA
8, CCU, LON
12, CCU, MCI
55, CCU, MCO
3, CCU, MDW
3, CCU, MEM
74, CCU, MIA
1, CCU, MKC
2, CCU, MKE
80, CCU, MSP
7, CCU, MSY
1133, CCU, NYC
1, CCU, OAK
5, CCU, OMA
952, CCU, ORD
13, CCU, ORL
1, CCU, PBI
67, CCU, PDX
132, CCU, PHL
125, CCU, PHX
22, CCU, PIT
180, CCU, RDU
1, CCU, RIC
62, CCU, SAN
4, CCU, SAT
350, CCU, SEA
1501, CCU, SFO
16, CCU, SIN
10, CCU, SJC
15, CCU, SLC
2, CCU, SMF
17, CCU, STL
3, CCU, TIV
30, CCU, TPA
1, CCU, TUL
2, CCU, TUS
3, CCU, TYO
2, CCU, VIE
298, CCU, WAS
5, CDG, ATQ
3, CDG, BOM
2, CDG, DEL
11, CDG, JED
6, CDG, JFK
1, CDG, RDU
2, CDG, TLV
1, CHA, LON
1, CHC, COK
1, CHI, ADD
1, CHI, AKL
1, CHI, ALG
1, CHI, ALY
7877, CHI, AMD
6, CHI, AMS
2, CHI, ATH
466, CHI, ATQ
13, CHI, AUH
1, CHI, BAH
225, CHI, BBI
1, CHI, BCN
428, CHI, BDQ
1, CHI, BEY
182, CHI, BHO
1, CHI, BJS
22, CHI, BKK
5413, CHI, BLR
13725, CHI, BOM
2, CHI, BRU
6, CHI, BUD
1, CHI, CAI
2, CHI, CBG
87, CHI, CCJ
2008, CHI, CCU
361, CHI, CJB
1, CHI, CMN
2973, CHI, COK
2, CHI, CUN
1, CHI, DAR
2, CHI, DBV
2, CHI, DED
16739, CHI, DEL
1, CHI, DKR
11, CHI, DOH
2, CHI, DUB
41, CHI, DXB
1, CHI, EWR
2, CHI, GAU
1, CHI, GDN
68, CHI, GOI
2, CHI, GYD
3, CHI, HAN
7, CHI, HKG
12470, CHI, HYD
52, CHI, IDR
1, CHI, IEV
32, CHI, IST
18, CHI, IXC
79, CHI, IXE
2, CHI, IXJ
85, CHI, IXM
216, CHI, JAI
5, CHI, JED
1, CHI, JKT
2, CHI, JNB
1, CHI, KRK
1, CHI, KTM
12, CHI, KUL
3, CHI, KWI
1, CHI, LCA
18, CHI, LHR
2, CHI, LIS
153, CHI, LKO
17, CHI, LON
7237, CHI, MAA
2, CHI, MAD
4, CHI, MAN
1, CHI, MCM
2, CHI, MCT
5, CHI, MED
1, CHI, MEL
1, CHI, MEX
2, CHI, MFM
1, CHI, MIL
1, CHI, MLA
2, CHI, MLE
1, CHI, MNL
1, CHI, MRU
6, CHI, MUC
196, CHI, NAG
1, CHI, NAN
1, CHI, NBO
2, CHI, NGO
1, CHI, NIM
4, CHI, NYC
1, CHI, OSL
2, CHI, OTP
13, CHI, PAR
94, CHI, PAT
2, CHI, PNH
860, CHI, PNQ
1, CHI, PRG
2, CHI, RAK
1, CHI, REP
1, CHI, RGN
3, CHI, ROM
3, CHI, SEA
1, CHI, SEL
2, CHI, SEZ
6, CHI, SGN
4, CHI, SHA
1, CHI, SHL
6, CHI, SIN
5, CHI, STV
1, CHI, SVQ
7, CHI, SXR
1, CHI, SYD
1, CHI, THR
1, CHI, TIP
4, CHI, TLV
1, CHI, TPE
619, CHI, TRV
1, CHI, TUN
5, CHI, TYO
1, CHI, UDR
1, CHI, ULN
12, CHI, VCE
1098, CHI, VGA
1, CHI, VIE
1, CHI, VLC
268, CHI, VTZ
1, CHI, WAS
1, CHI, WAW
2, CHI, YTO
1, CHI, YVR
1, CHI, ZAG
3, CHI, ZRH
3, CHS, AUH
1, CHS, BOS
2, CHS, DXB
5, CHS, EWR
2, CHU, HYD
1, CID, BOM
52, CID, DEL
2, CID, LHR
22, CJB, ATL
1, CJB, BLR
7, CJB, BWI
30, CJB, CHI
1, CJB, DAC
1, CJB, DEL
26, CJB, DTT
48, CJB, DTW
86, CJB, EWR
4, CJB, HAN
4, CJB, HOU
191, CJB, IAD
55, CJB, IAH
57, CJB, JFK
106, CJB, LAX
93, CJB, NYC
151, CJB, ORD
22, CJB, PHX
800, CJB, SFO
3, CJB, SIN
4, CJB, SJC
4, CJB, STL
77, CJB, WAS
271, CLE, AMD
48, CLE, ATQ
2, CLE, BBI
9, CLE, BDQ
4, CLE, BHO
474, CLE, BLR
929, CLE, BOM
1, CLE, BOS
3, CLE, CCJ
37, CLE, CCU
34, CLE, COK
831, CLE, DEL
9, CLE, DXB
6, CLE, FRA
10, CLE, GOI
649, CLE, HYD
9, CLE, IDR
3, CLE, IXC
5, CLE, JAI
1, CLE, LAS
3, CLE, LKO
1, CLE, LON
388, CLE, MAA
1, CLE, MLE
31, CLE, NAG
8, CLE, PAT
45, CLE, PNQ
1, CLE, PRG
10, CLE, REK
2, CLE, SXR
1, CLE, SYD
25, CLE, TRV
1, CLE, YEA
2, CLE, YQB
1, CLO, NYC
1098, CLT, AMD
9, CLT, AMS
11, CLT, ATH
1, CLT, ATL
29, CLT, ATQ
4, CLT, BBI
83, CLT, BDQ
3, CLT, BHO
1, CLT, BKK
893, CLT, BLR
3937, CLT, BOM
8, CLT, CCJ
2, CLT, CCS
193, CLT, CCU
2, CLT, CHI
1, CLT, CJB
111, CLT, COK
2299, CLT, DEL
3, CLT, DPS
18, CLT, DXB
5, CLT, EWR
2, CLT, FRA
21, CLT, GOI
1, CLT, GVA
1, CLT, HAM
1, CLT, HKT
2103, CLT, HYD
42, CLT, IDR
4, CLT, IXC
2, CLT, IXU
238, CLT, JAI
4, CLT, JFK
1, CLT, KTM
4, CLT, LHR
29, CLT, LKO
2237, CLT, MAA
1, CLT, MCT
2, CLT, MEL
9, CLT, MUC
54, CLT, NAG
1, CLT, NYC
8, CLT, PAR
2, CLT, PAT
3, CLT, PHL
1, CLT, PNH
104, CLT, PNQ
6, CLT, RAJ
1, CLT, SAO
1, CLT, SHA
53, CLT, TRV
2, CLT, TYO
4, CLT, VGA
1, CLU, BOM
1, CMB, DEL
2, CMB, MAA
57, CMH, AMD
5, CMH, ATQ
3, CMH, BBI
14, CMH, BDQ
707, CMH, BLR
1, CMH, BOG
753, CMH, BOM
4, CMH, CCJ
116, CMH, CCU
7, CMH, CDG
3, CMH, CGK
20, CMH, COK
303, CMH, DEL
1, CMH, FRA
20, CMH, GOI
1057, CMH, HYD
2, CMH, IAD
10, CMH, IDR
1, CMH, IST
2, CMH, IXC
3, CMH, IXZ
2, CMH, JAI
1, CMH, JFK
4, CMH, LKO
876, CMH, MAA
12, CMH, NAG
2, CMH, NYC
1, CMH, PAT
22, CMH, PNQ
1, CMH, SIN
7, CMH, SXR
26, CMH, TRV
1, CMH, TYO
1, CMH, WAS
2, CNS, SFO
1, CNX, BKK
2, CNX, LAX
22, COK, ABQ
2, COK, ATH
547, COK, ATL
4, COK, AUH
94, COK, AUS
1, COK, BCN
6, COK, BDL
2, COK, BHM
12, COK, BNA
11, COK, BOI
746, COK, BOS
24, COK, BWI
323, COK, CHI
1, COK, CJU
7, COK, CLE
47, COK, CLT
17, COK, CMH
1, COK, CVG
7, COK, DAL
9, COK, DCA
130, COK, DEN
506, COK, DFW
1, COK, DPS
28, COK, DTT
139, COK, DTW
7, COK, DXB
344, COK, EWR
79, COK, FLL
1, COK, FRA
2, COK, HAN
8, COK, HNL
152, COK, HOU
1, COK, HSV
584, COK, IAD
356, COK, IAH
12, COK, IND
1, COK, IST
8, COK, JAN
10, COK, JAX
1369, COK, JFK
1, COK, KTM
1, COK, KUL
11, COK, LAS
804, COK, LAX
2, COK, LCK
6, COK, LGA
1, COK, LON
1, COK, MAA
14, COK, MCI
141, COK, MCO
6, COK, MEM
104, COK, MIA
2, COK, MKE
2, COK, MNL
46, COK, MSP
5, COK, MSY
1245, COK, NYC
1, COK, OMA
929, COK, ORD
9, COK, ORL
1, COK, OSA
5, COK, PBI
23, COK, PDX
166, COK, PHL
55, COK, PHX
15, COK, PIT
140, COK, RDU
1, COK, REP
1, COK, RIC
12, COK, SAN
3, COK, SAT
274, COK, SEA
1, COK, SFB
1630, COK, SFO
2, COK, SGN
3, COK, SHJ
3, COK, SIN
9, COK, SJC
17, COK, SLC
3, COK, SMF
7, COK, STL
15, COK, SYR
1, COK, TBS
1, COK, TLH
56, COK, TPA
2, COK, TPE
3, COK, TUL
1, COK, TUS
1, COK, TYO
1, COK, VTE
406, COK, WAS
2, COK, XNA
1, COP, BOM
1, CPH, BOM
1, CPH, DEL
1, CPH, HKG
1, CPH, SFO
2, CRP, BLR
12, CRP, BOM
1, CRW, BLR
5, CRW, BOM
2, CTL, ATL
1, CUN, DED
2, CUZ, MAA
80, CVG, AMD
1, CVG, AMS
5, CVG, ATQ
3, CVG, BBI
2, CVG, BDQ
4, CVG, BHO
733, CVG, BLR
1668, CVG, BOM
5, CVG, CCJ
20, CVG, CCU
1, CVG, CDG
6, CVG, COK
2160, CVG, DEL
2, CVG, DOH
1, CVG, DPS
2, CVG, DXB
13, CVG, GOI
1417, CVG, HYD
14, CVG, IDR
1, CVG, IXC
2, CVG, JAI
6, CVG, JFK
2, CVG, KEF
2, CVG, LHR
10, CVG, LON
472, CVG, MAA
1, CVG, MEL
6, CVG, NAG
8, CVG, ORD
2, CVG, PAR
3, CVG, PAT
31, CVG, PNQ
1, CVG, ROM
1, CVG, SHA
24, CVG, TRV
34, CVG, TYO
3, CVG, VGA
1, CVG, YYZ
2, CZM, MIA
1, DAB, AMD
10, DAB, BLR
6, DAB, COK
4, DAC, DEL
1, DAC, LON
6, DAC, NYC
1, DAC, PHF
18, DAL, AMD
1, DAL, ATQ
1, DAL, BBI
2, DAL, BDQ
18, DAL, BLR
87, DAL, BOM
33, DAL, CCU
10, DAL, COK
159, DAL, DEL
143, DAL, HYD
1, DAL, IXE
3, DAL, JAI
2, DAL, LKO
63, DAL, MAA
2, DAL, TRV
16, DAY, AMD
7, DAY, ATQ
1, DAY, BDQ
5, DAY, BHO
112, DAY, BLR
83, DAY, BOM
1, DAY, CCJ
14, DAY, CCU
5, DAY, COK
264, DAY, DEL
1, DAY, GOI
122, DAY, HYD
2, DAY, IXC
1, DAY, LKO
155, DAY, MAA
1, DAY, TRV
2, DAY, TYO
1, DBQ, DEL
29, DCA, AMD
4, DCA, ATQ
1, DCA, BBI
2, DCA, BHO
51, DCA, BLR
319, DCA, BOM
19, DCA, CCU
1, DCA, CJB
29, DCA, COK
306, DCA, DEL
2, DCA, GOI
136, DCA, HYD
2, DCA, IXC
1, DCA, IXZ
2, DCA, JAI
1, DCA, LKO
71, DCA, MAA
1, DCA, NAG
2, DCA, PAT
8, DCA, PNQ
7, DCA, TRV
3, DCA, VGA
2, DCA, VTZ
1, DED, EWR
2, DED, HAV
20, DED, JFK
1, DED, NYC
2, DED, STO
3, DED, UDR
2, DEL, ABE
62, DEL, ABQ
3, DEL, ADD
1, DEL, AKL
22, DEL, AMM
30, DEL, AMS
40, DEL, ANC
5, DEL, ARN
12, DEL, ATH
5170, DEL, ATL
7, DEL, AUH
1348, DEL, AUS
1, DEL, AYT
12, DEL, BCN
15, DEL, BDL
2, DEL, BER
16, DEL, BHM
1, DEL, BJS
1, DEL, BJV
8, DEL, BKK
309, DEL, BNA
32, DEL, BOI
6, DEL, BOM
6539, DEL, BOS
1, DEL, BTI
6, DEL, BTV
2, DEL, BUD
212, DEL, BUF
221, DEL, BWI
10, DEL, CAN
13, DEL, CDG
6464, DEL, CHI
11, DEL, CID
251, DEL, CLE
1347, DEL, CLT
91, DEL, CMH
1, DEL, CMN
2, DEL, CNS
9, DEL, CTU
552, DEL, CVG
27, DEL, DAL
41, DEL, DAY
99, DEL, DCA
1061, DEL, DEN
6507, DEL, DFW
1, DEL, DLM
3, DEL, DOH
3, DEL, DPS
84, DEL, DSM
527, DEL, DTT
1019, DEL, DTW
6, DEL, DUB
35, DEL, DXB
4910, DEL, EWR
9, DEL, FAI
6, DEL, FAR
2, DEL, FCO
408, DEL, FLL
52, DEL, FRA
1, DEL, FSD
7, DEL, FUK
1, DEL, GLA
7, DEL, GNV
7, DEL, GSO
18, DEL, GVA
2, DEL, HAN
1, DEL, HAV
22, DEL, HKG
3, DEL, HKT
242, DEL, HNL
789, DEL, HOU
43, DEL, HSV
5140, DEL, IAD
2087, DEL, IAH
27, DEL, ICN
19, DEL, ICT
2, DEL, IEV
281, DEL, IND
1, DEL, ISP
11, DEL, IST
2, DEL, IXL
9, DEL, JAN
143, DEL, JAX
9921, DEL, JFK
4, DEL, JTR
16, DEL, KHI
8, DEL, KTM
13, DEL, KUL
819, DEL, LAS
13106, DEL, LAX
11, DEL, LEX
56, DEL, LGA
1, DEL, LHE
114, DEL, LHR
1, DEL, LIS
10, DEL, LIT
1, DEL, LKO
70, DEL, LON
3, DEL, LOS
1, DEL, LUK
5, DEL, MAD
159, DEL, MCI
645, DEL, MCO
1, DEL, MDT
18, DEL, MDW
289, DEL, MEM
1, DEL, MEX
1, DEL, MHP
769, DEL, MIA
2, DEL, MIL
9, DEL, MKE
1, DEL, MLB
2, DEL, MLI
15, DEL, MOB
1, DEL, MRS
934, DEL, MSP
1, DEL, MSQ
108, DEL, MSY
8, DEL, MUC
2, DEL, NAP
4, DEL, NBO
1, DEL, NEW
29, DEL, NUE
14168, DEL, NYC
65, DEL, OAK
1, DEL, OGG
7, DEL, OMA
1, DEL, ONT
8162, DEL, ORD
1, DEL, ORH
115, DEL, ORL
1, DEL, OSA
19, DEL, PAR
2, DEL, PBH
11, DEL, PBI
899, DEL, PDX
3, DEL, PEK
935, DEL, PHL
1048, DEL, PHX
329, DEL, PIT
1, DEL, PNQ
1, DEL, PRG
1, DEL, PVD
18, DEL, PVG
1308, DEL, RDU
8, DEL, REK
72, DEL, RIC
69, DEL, ROC
7, DEL, ROM
1, DEL, RUH
739, DEL, SAN
99, DEL, SAT
48, DEL, SDF
6382, DEL, SEA
9, DEL, SEL
1, DEL, SFB
20811, DEL, SFO
1, DEL, SHA
20, DEL, SIN
1259, DEL, SJC
231, DEL, SLC
114, DEL, SMF
2, DEL, SNA
3, DEL, SRQ
75, DEL, STL
2, DEL, STO
6, DEL, SWF
17, DEL, SYD
19, DEL, TLH
676, DEL, TPA
4, DEL, TPE
12, DEL, TUL
27, DEL, TUS
1, DEL, TXL
45, DEL, TYO
1, DEL, USA
4, DEL, VGA
4, DEL, VIE
1, DEL, VLD
4122, DEL, WAS
1, DEL, WAW
1, DEL, WDH
1, DEL, XIY
70, DEL, XNA
2, DEL, YIW
1, DEL, YMQ
265, DEL, YTO
1, DEL, YTZ
2, DEL, YUL
13, DEL, YVR
3, DEL, YWG
1, DEL, YXE
11, DEL, YYC
102, DEL, YYZ
10, DEL, ZRH
88, DEN, AMD
1, DEN, AMS
25, DEN, ATQ
15, DEN, BBI
8, DEN, BDQ
16, DEN, BHO
2, DEN, BJS
1, DEN, BKK
1395, DEN, BLR
1, DEN, BNA
1955, DEN, BOM
9, DEN, CCJ
299, DEN, CCU
1, DEN, CHI
10, DEN, CJB
172, DEN, COK
3, DEN, CPH
2, DEN, DED
3108, DEN, DEL
4, DEN, DPS
10, DEN, DXB
2, DEN, EWR
29, DEN, GOI
2076, DEN, HYD
2, DEN, IDR
7, DEN, IXC
2, DEN, IXZ
1, DEN, JAI
3, DEN, JFK
4, DEN, JKT
2, DEN, KWI
2, DEN, LHE
3, DEN, LHR
1, DEN, LKO
1784, DEN, MAA
3, DEN, MUC
81, DEN, NAG
2, DEN, NYC
5, DEN, ORD
2, DEN, PAR
14, DEN, PAT
37, DEN, PNQ
1, DEN, ROM
4, DEN, SAN
2, DEN, SEA
5, DEN, SFO
2, DEN, SIN
38, DEN, TRV
2, DEN, TYO
1, DEN, VLC
1, DEN, YTO
1, DEN, YYC
1, DEN, YYZ
4, DEN, ZRH
2, DFW, AKL
1896, DFW, AMD
1, DFW, AMM
15, DFW, AMS
1, DFW, ARN
4, DFW, ATH
194, DFW, ATQ
3, DFW, AUH
3, DFW, BAH
8, DFW, BBI
1, DFW, BCN
1, DFW, BDL
93, DFW, BDQ
4, DFW, BER
14, DFW, BHO
2, DFW, BKK
7068, DFW, BLR
1, DFW, BNE
14822, DFW, BOM
2, DFW, BRU
1, DFW, BWI
1, DFW, CAI
200, DFW, CCJ
1812, DFW, CCU
6, DFW, CDG
3, DFW, CMB
3716, DFW, COK
5, DFW, CPH
4, DFW, DAC
1, DFW, DBV
11723, DFW, DEL
31, DFW, DOH
1, DFW, DPS
9, DFW, DUB
196, DFW, DXB
16, DFW, FRA
1, DFW, GAY
125, DFW, GOI
9, DFW, HKG
2, DFW, HNL
3, DFW, HOU
20530, DFW, HYD
2, DFW, IAD
39, DFW, IDR
1, DFW, IST
11, DFW, IXC
55, DFW, IXE
2, DFW, IXM
8, DFW, IXU
58, DFW, JAI
1, DFW, JFK
2, DFW, KEF
7, DFW, KTM
6, DFW, KWI
58, DFW, LAX
23, DFW, LHR
23, DFW, LKO
53, DFW, LON
10253, DFW, MAA
2, DFW, MAD
6, DFW, MEL
1, DFW, MIL
1, DFW, MLE
2, DFW, MRU
5, DFW, MSP
2, DFW, MSY
1, DFW, MTT
3, DFW, MUC
365, DFW, NAG
3, DFW, NYC
1, DFW, ORD
2, DFW, OTP
13, DFW, PAR
6, DFW, PAT
4, DFW, PER
264, DFW, PNQ
1, DFW, REK
3, DFW, ROM
8, DFW, SIN
1, DFW, SLC
4, DFW, SYD
2, DFW, TIR
1270, DFW, TRV
9, DFW, TYO
1, DFW, VTZ
10, DFW, YVR
1, DFW, YYZ
5, DFW, ZRH
14, DMM, ORD
4, DOH, BOM
1, DOH, BOS
1, DOH, COK
5, DOH, DFW
2, DOH, DPS
1, DOH, MAA
4, DOH, TRV
1, DOH, WAS
2, DPS, BLR
3, DPS, BOM
2, DPS, DED
2, DPS, KUL
3, DPS, MAA
1, DPS, SLC
12, DSM, AMD
1, DSM, ATL
27, DSM, BDQ
72, DSM, BLR
114, DSM, BOM
1, DSM, CCJ
12, DSM, CCU
1, DSM, COK
189, DSM, DEL
154, DSM, HYD
43, DSM, MAA
2, DSM, NAG
9, DSM, PNQ
3, DSM, TRV
605, DTT, AMD
18, DTT, ATQ
8, DTT, AUH
8, DTT, BCN
30, DTT, BDQ
1, DTT, BER
2, DTT, BEY
16, DTT, BHO
1, DTT, BJS
1, DTT, BKK
1173, DTT, BLR
2105, DTT, BOM
1, DTT, BRU
1, DTT, BUD
1, DTT, CAI
3, DTT, CCJ
120, DTT, CCU
84, DTT, CJB
192, DTT, COK
1, DTT, CPH
1745, DTT, DEL
2, DTT, DPS
2, DTT, DUB
95, DTT, DXB
36, DTT, GOI
2, DTT, HKG
2045, DTT, HYD
2, DTT, IAD
11, DTT, IDR
1, DTT, IST
1, DTT, IXE
32, DTT, JAI
1, DTT, LHR
1, DTT, LIM
1, DTT, LIS
3, DTT, LKO
1455, DTT, MAA
4, DTT, MEL
78, DTT, NAG
1, DTT, NBO
3, DTT, NGO
1, DTT, ORD
1, DTT, ORK
1, DTT, OST
1, DTT, PDX
82, DTT, PNQ
1, DTT, PRI
1, DTT, RAK
1, DTT, ROM
1, DTT, SEL
1, DTT, SNN
1, DTT, STO
1, DTT, SXR
83, DTT, TRV
2, DTT, TYO
42, DTT, VTZ
1, DTT, ZAG
932, DTW, AMD
10, DTW, AMS
2, DTW, ATL
63, DTW, ATQ
1, DTW, BBI
110, DTW, BDQ
1, DTW, BER
1, DTW, BHO
3360, DTW, BLR
5493, DTW, BOM
1, DTW, BOS
2, DTW, BRU
1, DTW, CAI
18, DTW, CCJ
209, DTW, CCU
17, DTW, CDG
75, DTW, CJB
9, DTW, CLT
1, DTW, CMB
1, DTW, CNX
324, DTW, COK
4, DTW, CPH
6, DTW, DED
2360, DTW, DEL
46, DTW, DXB
1, DTW, FCO
1, DTW, FRA
25, DTW, GOI
8, DTW, HKT
6025, DTW, HYD
4, DTW, IDR
19, DTW, IXC
8, DTW, JAI
4, DTW, JED
8, DTW, LHR
8, DTW, LKO
3, DTW, LON
3740, DTW, MAA
1, DTW, MEL
1, DTW, MMX
7, DTW, MNL
1, DTW, MUC
83, DTW, NAG
1, DTW, NRT
2, DTW, ORD
1, DTW, OSA
2, DTW, PAR
1, DTW, PAT
2, DTW, PHL
275, DTW, PNQ
2, DTW, QRO
6, DTW, RAJ
1, DTW, SAT
1, DTW, STO
2, DTW, SXR
173, DTW, TRV
2, DTW, TYO
1, DTW, UVF
2, DTW, VCE
56, DTW, VTZ
1, DUB, BLR
1, DUB, BOM
8, DUB, DEL
2, DUB, HYD
1, DUB, JFK
1, DUB, NYC
2, DXB, AMD
3, DXB, BLR
6, DXB, BOM
4, DXB, COK
16, DXB, DEL
2, DXB, GOI
5, DXB, HYD
1, DXB, IAD
2, DXB, KOA
5, DXB, LAX
5, DXB, MAA
1, DXB, MCO
10, DXB, ORD
3, ECP, DEL
1, EDI, NYC
1, ELP, DAC
1, ELP, DFW
2, ELP, MCT
8, EUG, BLR
5, EUG, BOM
1, EUG, COK
8, EUG, DEL
1, EUG, EWR
6, EUG, HYD
2, EUG, KUL
2, EUG, MAA
4, EVV, DEL
17973, EWR, AMD
1, EWR, ARN
4, EWR, ATH
3, EWR, ATL
219, EWR, ATQ
1, EWR, AUH
5, EWR, BAH
92, EWR, BBI
614, EWR, BDQ
1, EWR, BEY
171, EWR, BHO
17, EWR, BKK
6687, EWR, BLR
44502, EWR, BOM
1, EWR, BOS
1, EWR, BRU
3, EWR, CAI
56, EWR, CCJ
2531, EWR, CCU
4, EWR, CDG
6, EWR, CHI
168, EWR, CJB
2255, EWR, COK
1, EWR, CPH
3, EWR, CTU
1, EWR, DAC
1, EWR, DBV
5, EWR, DED
20821, EWR, DEL
1, EWR, DPS
2, EWR, DUB
2, EWR, DWC
232, EWR, DXB
4, EWR, FRA
1, EWR, GLA
234, EWR, GOI
13, EWR, HKG
15673, EWR, HYD
1, EWR, ICN
147, EWR, IDR
2, EWR, INV
3, EWR, IST
10, EWR, IXC
72, EWR, IXE
2, EWR, IXJ
21, EWR, IXU
3, EWR, IXZ
97, EWR, JAI
1, EWR, JTR
3, EWR, KEF
4, EWR, KUL
4, EWR, LAX
29, EWR, LHR
76, EWR, LKO
5, EWR, LON
8353, EWR, MAA
2, EWR, MAD
1, EWR, MED
1, EWR, MIL
6, EWR, MLE
1, EWR, MNL
4, EWR, MUM
252, EWR, NAG
1, EWR, NAN
1, EWR, NRT
2, EWR, PAR
87, EWR, PAT
421, EWR, PNQ
1, EWR, PRG
3, EWR, PVG
1, EWR, ROM
2, EWR, SFO
4, EWR, SHA
37, EWR, SIN
1, EWR, SXR
3, EWR, TLV
1165, EWR, TRV
1, EWR, TRZ
2, EWR, TXL
3, EWR, TYO
1, EWR, UDR
365, EWR, VGA
30, EWR, VNS
469, EWR, VTZ
2, EWR, WAW
4, EWR, XMN
1, EWR, YYZ
2, EWR, ZRH
1, EZE, LAX
6, FAI, BOM
2, FAI, DEL
1, FAR, COK
30, FAR, DEL
25, FAT, BOM
4, FAT, CMN
3, FAT, DEL
3, FAT, KTM
1, FAT, TRV
3, FAY, BOM
1, FAY, DEL
1, FAY, HYD
2, FAY, JAI
1, FCA, BOM
1, FCO, OGG
3, FIH, ORD
1, FIH, USA
131, FLL, AMD
1, FLL, ATH
8, FLL, ATQ
1, FLL, BDQ
2, FLL, BEG
1, FLL, BHO
188, FLL, BLR
1353, FLL, BOM
3, FLL, CAI
3, FLL, CCJ
111, FLL, CCU
195, FLL, COK
1, FLL, CUN
2, FLL, DAC
880, FLL, DEL
1, FLL, DOH
12, FLL, DXB
6, FLL, GOI
923, FLL, HYD
2, FLL, IDR
1, FLL, IEV
1, FLL, IST
4, FLL, JAI
2, FLL, LHR
1, FLL, LOS
659, FLL, MAA
1, FLL, MAD
2, FLL, MCT
2, FLL, MIL
2, FLL, MSY
2, FLL, PAP
5, FLL, PAR
23, FLL, PNQ
2, FLL, PRG
2, FLL, SIN
1, FLL, TIR
13, FLL, TRV
1, FLL, TYO
1, FLL, UDR
1, FLR, DEL
1, FLR, VNS
4, FMY, HYD
1, FNT, BLR
2, FNT, BOM
2, FNT, COK
3, FNT, DEL
1, FNT, MAA
1, FNT, PNQ
1, FNT, TRV
3, FRA, HYD
3, FRA, MAA
1, FSD, AMD
5, FSD, DEL
2, FSM, DFW
1, FWA, BOM
1, FWA, YTO
6, FYV, BLR
56, FYV, HYD
18, GAU, ATL
1, GAU, BLR
6, GAU, SFO
1, GAY, NYC
2, GCK, LGA
1, GCM, BLR
15, GCM, MIA
1, GDL, BOM
170, GEG, DEL
1, GEO, OGL
1, GIG, DEL
2, GND, JFK
2, GND, MIA
1, GNV, AMD
1, GNV, BLR
5, GNV, BOM
12, GNV, CCU
11, GNV, DEL
3, GNV, MAA
2, GNV, NAG
9, GOI, ABQ
1, GOI, AMM
7, GOI, ANC
26, GOI, ATL
2, GOI, AUH
12, GOI, AUS
1, GOI, BHM
1, GOI, BKK
3, GOI, BNA
1, GOI, BOI
92, GOI, BOS
4, GOI, BWI
47, GOI, CHI
12, GOI, CLE
6, GOI, CLT
1, GOI, CMB
4, GOI, CMH
7, GOI, CVG
5, GOI, DEN
22, GOI, DFW
2, GOI, DTT
3, GOI, DTW
2, GOI, DXB
56, GOI, EWR
23, GOI, FLL
1, GOI, HNL
6, GOI, HOU
12, GOI, IAD
10, GOI, IAH
4, GOI, IND
4, GOI, JAX
78, GOI, JFK
3, GOI, LAS
69, GOI, LAX
1, GOI, LGA
6, GOI, MCO
8, GOI, MIA
3, GOI, MKE
2, GOI, MLE
17, GOI, MSP
107, GOI, NYC
2, GOI, OMA
48, GOI, ORD
3, GOI, ORL
3, GOI, PDX
5, GOI, PHL
3, GOI, PHX
7, GOI, PIT
2, GOI, RDU
4, GOI, SAN
2, GOI, SAT
35, GOI, SEA
2, GOI, SFB
99, GOI, SFO
3, GOI, SJC
2, GOI, SLC
3, GOI, STL
3, GOI, TPA
6, GOI, WAS
1, GOI, WIL
3, GPT, DEL
1, GPT, LHR
2, GRB, BOM
17, GRB, DEL
10, GRB, HYD
1, GRB, MAA
1, GRK, BLR
9, GRR, BOM
3, GRR, CCU
7, GRR, DEL
1, GRR, TRV
1, GRU, AMS
1, GRU, BLR
3, GRU, HYD
1, GRU, MOW
1, GSO, AMD
49, GSO, BLR
12, GSO, BOM
2, GSO, CCU
1, GSO, COK
23, GSO, DEL
2, GSO, GOI
4, GSO, HYD
14, GSO, MAA
1, GSP, AMS
71, GSP, BOM
1, GSP, JFK
1, GVA, DEL
7, GVA, NYC
1, GYE, BOM
1, GYE, DEL
1, GYE, NYC
2, HAM, AMD
5, HAM, DFW
5, HAM, SFO
5, HAN, DEL
2, HAN, MNL
4, HBE, HYD
1, HBE, LAX
5, HEL, BLR
1, HEL, JFK
4, HFD, BOM
1, HFD, CCJ
1, HFD, DEL
6, HFD, HYD
1, HFD, ZRH
1, HGH, BOM
1, HKG, AMD
1, HKG, BJS
4, HKG, BLR
9, HKG, BOM
17, HKG, DEL
1, HKG, EWR
2, HKG, HYD
2, HKG, IAH
1, HKG, LAX
1, HKG, LON
1, HKG, MAA
3, HKG, NYC
1, HKG, ODS
5, HKG, PDX
5, HKG, SEA
1, HKG, SFO
3, HKG, TAS
3, HKG, WAS
1, HKT, BKK
1, HMO, PHX
1, HMO, SFO
1, HND, PDX
5, HNL, AMD
2, HNL, ATQ
35, HNL, BLR
188, HNL, BOM
25, HNL, CCU
4, HNL, COK
1778, HNL, DEL
1, HNL, EWR
5, HNL, GOI
1, HNL, HAN
51, HNL, HYD
1, HNL, KIX
2, HNL, KTM
118, HNL, MAA
2, HNL, MNL
4, HNL, NYC
5, HNL, PEK
3, HNL, SYD
7, HNL, TRV
381, HOU, AMD
1, HOU, AMM
17, HOU, AMS
5, HOU, ATQ
9, HOU, BDQ
2, HOU, BHO
4, HOU, BJS
2, HOU, BKK
764, HOU, BLR
1, HOU, BNA
3962, HOU, BOM
1, HOU, BUD
3, HOU, CAN
6, HOU, CCJ
243, HOU, CCU
3, HOU, CDG
17, HOU, CJB
677, HOU, COK
2732, HOU, DEL
1, HOU, DPS
2, HOU, DUB
34, HOU, DXB
2, HOU, FRA
12, HOU, GOI
1, HOU, HKG
1, HOU, HKT
2138, HOU, HYD
4, HOU, IDR
1, HOU, IST
2, HOU, IXC
11, HOU, JAI
6, HOU, LHR
11, HOU, LON
1, HOU, LPL
1198, HOU, MAA
2, HOU, MAD
31, HOU, NAG
1, HOU, NYC
4, HOU, PAR
1, HOU, PAT
1, HOU, PHL
54, HOU, PNQ
1, HOU, RAK
1, HOU, SAO
18, HOU, SIN
2, HOU, SYD
177, HOU, TRV
4, HOU, VGA
3, HOU, VIE
8, HOU, YVR
1, HOU, YYZ
1, HOU, ZRH
1, HPN, BOM
6, HPN, DEL
3, HPN, MAA
6, HSV, AMD
23, HSV, BLR
6, HSV, BOM
5, HSV, CCU
3, HSV, COK
43, HSV, DEL
79, HSV, HYD
36, HSV, MAA
1, HVN, BLR
6, HYD, ABQ
3, HYD, AMD
1, HYD, AMS
7854, HYD, ATL
1, HYD, ATW
19, HYD, AUH
891, HYD, AUS
15, HYD, BDL
1, HYD, BEY
12, HYD, BHM
2, HYD, BKK
6, HYD, BLR
462, HYD, BNA
50, HYD, BOI
4, HYD, BOM
5767, HYD, BOS
367, HYD, BUF
1, HYD, BUR
121, HYD, BWI
2, HYD, CDG
5991, HYD, CHI
555, HYD, CLE
1303, HYD, CLT
450, HYD, CMH
379, HYD, CVG
1, HYD, DAB
21, HYD, DAL
49, HYD, DAY
45, HYD, DCA
10, HYD, DEL
1443, HYD, DEN
12127, HYD, DFW
1, HYD, DOH
59, HYD, DSM
755, HYD, DTT
3046, HYD, DTW
29, HYD, DXB
5, HYD, EUG
8106, HYD, EWR
460, HYD, FLL
1, HYD, FMY
2, HYD, FNT
1, HYD, FRA
1, HYD, GRB
8, HYD, HKG
126, HYD, HNL
1316, HYD, HOU
5, HYD, HSV
9607, HYD, IAD
4319, HYD, IAH
176, HYD, IND
2, HYD, IST
3, HYD, IXE
9, HYD, JAN
240, HYD, JAX
2, HYD, JED
7820, HYD, JFK
287, HYD, LAS
5926, HYD, LAX
1, HYD, LEX
23, HYD, LGA
1, HYD, LGB
14, HYD, LHR
8, HYD, LIS
66, HYD, LIT
18, HYD, LON
1, HYD, LWO
3, HYD, MAD
339, HYD, MCI
787, HYD, MCO
23, HYD, MDW
109, HYD, MEM
541, HYD, MIA
6, HYD, MKC
8, HYD, MKE
1, HYD, MOW
1214, HYD, MSP
150, HYD, MSY
4, HYD, NEW
7150, HYD, NYC
4, HYD, OAK
8, HYD, OKC
131, HYD, OMA
10288, HYD, ORD
1, HYD, ORF
212, HYD, ORL
5, HYD, PAR
27, HYD, PBI
724, HYD, PDX
1, HYD, PEK
1, HYD, PEN
1, HYD, PER
1, HYD, PHF
1355, HYD, PHL
1549, HYD, PHX
605, HYD, PIT
1, HYD, PVD
1, HYD, PWM
2062, HYD, RDU
25, HYD, RIC
11, HYD, ROC
1, HYD, ROM
33, HYD, RSW
479, HYD, SAN
93, HYD, SAT
84, HYD, SDF
2077, HYD, SEA
4, HYD, SFB
14483, HYD, SFO
4, HYD, SIN
448, HYD, SJC
10, HYD, SJU
235, HYD, SLC
54, HYD, SMF
1, HYD, SNA
3, HYD, SRQ
424, HYD, STL
2, HYD, SYD
17, HYD, TLH
2, HYD, TOL
251, HYD, TPA
27, HYD, TUL
17, HYD, TUS
5, HYD, TYO
1, HYD, TYS
1, HYD, UTP
3249, HYD, WAS
7, HYD, YQG
59, HYD, YTO
21, HYD, YYZ
5943, IAD, AMD
22, IAD, AMM
3, IAD, ASB
8, IAD, ATH
175, IAD, ATQ
19, IAD, AUH
1, IAD, BAH
38, IAD, BBI
1, IAD, BCN
194, IAD, BDQ
14, IAD, BHO
2, IAD, BJS
9, IAD, BKK
4993, IAD, BLR
1, IAD, BOG
9486, IAD, BOM
2, IAD, BRU
7, IAD, CAI
86, IAD, CCJ
1077, IAD, CCU
4, IAD, CDG
261, IAD, CJB
1, IAD, CMN
1069, IAD, COK
5, IAD, DAC
19844, IAD, DEL
3, IAD, DOH
1, IAD, DWC
51, IAD, DXB
2, IAD, FCO
4, IAD, FRA
72, IAD, GOI
4, IAD, HAM
1, IAD, HKG
15902, IAD, HYD
1, IAD, ICN
28, IAD, IDR
8, IAD, IST
62, IAD, IXC
1, IAD, IXE
18, IAD, JAI
2, IAD, JED
1, IAD, JFK
1, IAD, JNB
2, IAD, KEF
2, IAD, LAX
35, IAD, LHR
1, IAD, LIN
64, IAD, LKO
6, IAD, LON
6883, IAD, MAA
2, IAD, MCO
3, IAD, MOW
9, IAD, MUC
1, IAD, MXP
214, IAD, NAG
1, IAD, NRT
5, IAD, PAR
5, IAD, PAT
618, IAD, PNQ
3, IAD, SEL
3, IAD, SIN
1, IAD, SXR
2, IAD, TIR
1, IAD, TRA
478, IAD, TRV
1, IAD, UFA
1219, IAD, VGA
694, IAD, VTZ
1, IAD, YVR
2, IAD, YYZ
38, IAD, ZRH
1567, IAH, AMD
9, IAH, AMS
1, IAH, ATH
3, IAH, ATL
52, IAH, ATQ
8, IAH, BBI
178, IAH, BDQ
4, IAH, BHO
2, IAH, BJS
12, IAH, BKK
3231, IAH, BLR
12002, IAH, BOM
2, IAH, CAI
2, IAH, CAN
19, IAH, CCJ
845, IAH, CCU
18, IAH, CDG
2, IAH, CHC
114, IAH, CJB
1518, IAH, COK
4, IAH, CPT
7668, IAH, DEL
2, IAH, DOH
1, IAH, DPS
12, IAH, DXB
3, IAH, FLL
1, IAH, FRA
56, IAH, GOI
6355, IAH, HYD
12, IAH, IDR
2, IAH, IST
3, IAH, IXC
25, IAH, JAI
1, IAH, JED
3, IAH, JFK
2, IAH, JNU
5, IAH, KTM
2, IAH, LIS
36, IAH, LKO
5, IAH, LON
3757, IAH, MAA
12, IAH, MEL
1, IAH, MRU
2, IAH, MUC
187, IAH, NAG
2, IAH, NYC
2, IAH, PAR
10, IAH, PAT
171, IAH, PNQ
2, IAH, PTY
1, IAH, REP
9, IAH, SGN
2, IAH, SIN
579, IAH, TRV
3, IAH, YTO
1, IAH, YYZ
38, ICT, BOM
66, ICT, DEL
21, ICT, MAA
2, IDA, AMM
13, IDR, ATL
8, IDR, AUS
7, IDR, BOS
22, IDR, CHI
51, IDR, CLT
69, IDR, DEN
25, IDR, DFW
6, IDR, DTW
100, IDR, EWR
2, IDR, FLL
4, IDR, HOU
54, IDR, IAD
5, IDR, IAH
83, IDR, JFK
21, IDR, LAX
1, IDR, MDW
5, IDR, MIA
2, IDR, MSP
123, IDR, NYC
17, IDR, ORD
2, IDR, PDX
4, IDR, PHX
5, IDR, RDU
14, IDR, SEA
94, IDR, SFO
1, IDR, SIN
4, IDR, SJC
5, IDR, SLC
48, IDR, WAS
4, IEV, DFW
1, IEV, LHR
5, IKA, AMD
1, ILM, DEL
1, IMF, IAD
20, IMF, JFK
19, IMF, NYC
164, IND, AMD
2, IND, AMS
17, IND, ATQ
3, IND, BBI
17, IND, BDQ
2, IND, BHO
140, IND, BLR
970, IND, BOM
1, IND, CCJ
21, IND, CCU
1, IND, CJB
24, IND, COK
1013, IND, DEL
1, IND, DTT
2, IND, GOI
865, IND, HYD
1, IND, IDR
2, IND, JAI
1, IND, JDH
1, IND, LKO
1, IND, LON
328, IND, MAA
5, IND, MAN
6, IND, NAG
2, IND, NYC
3, IND, PAT
77, IND, PNQ
2, IND, SEL
3, IND, TRV
1, ISN, JKT
1, ISP, DEL
3, IST, ASR
1, IST, BOM
2, IST, DEL
1, IST, DXB
1, IST, MIA
1, ITH, BOM
1, ITH, CCU
1, ITH, DEL
1, ITO, COK
1, IXB, DEL
3, IXC, ATL
1, IXC, AUS
2, IXC, BOM
4, IXC, BOS
5, IXC, CHI
2, IXC, DEL
2, IXC, DFW
2, IXC, EWR
3, IXC, GVA
20, IXC, HNL
1, IXC, IAD
2, IXC, IAH
21, IXC, JFK
11, IXC, LAX
1, IXC, LGA
4, IXC, LON
1, IXC, MCI
12, IXC, MIA
1, IXC, MSP
9, IXC, NYC
5, IXC, OAK
6, IXC, ORD
2, IXC, ORL
1, IXC, PIT
3, IXC, RDU
2, IXC, SAC
3, IXC, SAN
4, IXC, SEA
89, IXC, SFO
9, IXC, SJC
10, IXC, SMF
1, IXC, STL
1, IXC, TPA
12, IXC, WAS
2, IXE, BOM
19, IXE, CHI
24, IXE, DFW
22, IXE, EWR
1, IXE, IAD
58, IXE, JFK
55, IXE, LAX
128, IXE, NYC
81, IXE, ORD
2, IXE, PDX
1, IXE, SEZ
1, IXG, LAX
3, IXJ, SFO
1, IXJ, SJC
1, IXM, AMS
6, IXM, CHI
2, IXM, DAC
1, IXM, HAN
1, IXM, MSP
75, IXM, ORD
76, IXM, SFO
7, IXR, CHI
4, IXU, EWR
5, IXU, NYC
4, IXZ, AUS
6, IXZ, BOS
4, IXZ, BWI
3, IXZ, CMH
1, IXZ, DCA
5, IXZ, DEN
3, IXZ, JFK
2, IXZ, LAX
2, IXZ, MSP
6, IXZ, ORD
2, IXZ, PDX
2, IXZ, PHX
2, IXZ, SEA
11, IXZ, SFO
1, IXZ, WAS
4, JAI, ABQ
17, JAI, ATL
4, JAI, AUH
14, JAI, AUS
2, JAI, BNA
9, JAI, BOM
34, JAI, BOS
9, JAI, BWI
52, JAI, CHI
8, JAI, CLE
28, JAI, CLT
5, JAI, CMH
3, JAI, CVG
6, JAI, DEN
47, JAI, DFW
7, JAI, DTT
4, JAI, DTW
2, JAI, DXB
86, JAI, EWR
2, JAI, FLL
1, JAI, GOI
1, JAI, HKG
3, JAI, HOU
5, JAI, IAD
10, JAI, IAH
3, JAI, IND
155, JAI, JFK
2, JAI, LAS
55, JAI, LAX
2, JAI, MCI
7, JAI, MCO
3, JAI, MIA
2, JAI, MSP
2, JAI, MSY
140, JAI, NYC
2, JAI, OMA
50, JAI, ORD
4, JAI, PDX
2, JAI, PHX
1, JAI, PIT
5, JAI, RDU
11, JAI, SAN
1, JAI, SAT
21, JAI, SEA
152, JAI, SFO
4, JAI, SJC
2, JAI, TPA
26, JAI, WAS
10, JAN, AMD
1, JAN, ATQ
33, JAN, BLR
47, JAN, BOM
3, JAN, CCU
10, JAN, COK
22, JAN, DEL
32, JAN, HYD
11, JAN, MAA
8, JAN, PNQ
3, JAN, TRV
228, JAX, AMD
4, JAX, ATQ
3, JAX, BDQ
3, JAX, BHO
141, JAX, BLR
260, JAX, BOM
1, JAX, CCJ
52, JAX, CCU
31, JAX, COK
313, JAX, DEL
1, JAX, DWC
7, JAX, GOI
1246, JAX, HYD
2, JAX, IDR
1, JAX, LKO
304, JAX, MAA
2, JAX, NAG
4, JAX, PAT
15, JAX, PNQ
2, JAX, PRG
27, JAX, TRV
3, JED, ATL
1, JED, AUH
1, JED, CAI
1, JED, DXB
10, JED, HYD
1, JED, JFK
1, JED, LIS
3, JED, LKO
1, JED, MAA
7, JED, MAD
3, JED, MIA
13, JED, NYC
2, JED, PHX
10, JFK, ADD
10668, JFK, AMD
1, JFK, AMM
5, JFK, AMS
2836, JFK, ATQ
53, JFK, AUH
16, JFK, BAH
225, JFK, BBI
4, JFK, BCN
589, JFK, BDQ
1, JFK, BER
2, JFK, BHJ
61, JFK, BHO
4, JFK, BJS
40, JFK, BKK
6217, JFK, BLR
17524, JFK, BOM
7, JFK, CAI
236, JFK, CCJ
4590, JFK, CCU
4, JFK, CDG
164, JFK, CJB
3, JFK, CMB
1, JFK, CMN
8945, JFK, COK
1, JFK, CPT
6, JFK, DAC
4, JFK, DCA
15, JFK, DED
30660, JFK, DEL
6, JFK, DOH
3, JFK, DUS
1, JFK, DWC
175, JFK, DXB
1, JFK, FRA
3, JFK, GND
270, JFK, GOI
1, JFK, GUA
1, JFK, GYD
12, JFK, HKG
12, JFK, HKT
15065, JFK, HYD
87, JFK, IDR
7, JFK, IST
22, JFK, IXC
75, JFK, IXE
1, JFK, IXJ
5, JFK, IXM
23, JFK, IXU
3, JFK, IXZ
189, JFK, JAI
3, JFK, JED
1, JFK, JRO
5, JFK, KTM
3, JFK, KUL
50, JFK, KWI
1, JFK, LAS
1, JFK, LAX
5, JFK, LGW
108, JFK, LHR
146, JFK, LKO
11, JFK, LON
17, JFK, LOS
13244, JFK, MAA
5, JFK, MAD
1, JFK, MED
16, JFK, MIL
12, JFK, MLE
2, JFK, MOW
2, JFK, MRY
1, JFK, MUC
4, JFK, MXP
293, JFK, NAG
2, JFK, NRT
1, JFK, OSA
1, JFK, PAR
75, JFK, PAT
534, JFK, PNQ
3, JFK, REK
1, JFK, RJH
1, JFK, RKV
1, JFK, ROM
1, JFK, RUH
1, JFK, SAT
7, JFK, SFO
1, JFK, SHJ
18, JFK, SIN
5, JFK, SJU
3, JFK, SVO
6, JFK, SXR
6, JFK, SYD
1, JFK, TBS
1, JFK, TGD
1, JFK, TIR
2, JFK, TLV
3744, JFK, TRV
4, JFK, TUS
1, JFK, TYO
1, JFK, UDR
1460, JFK, VGA
22, JFK, VNS
1, JFK, VTE
183, JFK, VTZ
4, JNB, HYD
1, JNU, BOM
1, JNU, HYD
2, JNU, SEA
5, KBL, DEL
1, KBV, BKK
1, KEF, DEL
2, KOA, DEL
5, KTM, BKK
4, KTM, CCU
1, KTM, DEL
1, KTM, DFW
2, KTM, NRT
2, KUL, BLR
3, KUL, BOM
4, KUL, DEL
2, KUL, SEA
4, KUL, TRZ
2, KWI, BLR
6, KWI, BOM
4, KWI, SFO
1, LAN, DEL
116, LAS, AMD
9, LAS, AMM
6, LAS, ATQ
2, LAS, BBI
11, LAS, BDQ
4, LAS, BJS
280, LAS, BLR
279, LAS, BOM
2, LAS, BOS
3, LAS, CCJ
148, LAS, CCU
10, LAS, CDG
1, LAS, CMB
11, LAS, COK
811, LAS, DEL
3, LAS, DPS
1, LAS, DUB
2, LAS, DXB
11, LAS, GOI
369, LAS, HYD
1, LAS, IDR
10, LAS, JAI
1, LAS, JKT
3, LAS, LGW
190, LAS, MAA
2, LAS, MIA
1, LAS, MUC
2, LAS, NAG
1, LAS, NAN
7, LAS, PNQ
1, LAS, ROM
8, LAS, VNS
2, LAX, AGR
2, LAX, AKL
1, LAX, ALY
3881, LAX, AMD
13, LAX, AMS
9, LAX, ATH
204, LAX, ATQ
31, LAX, AUH
42, LAX, BBI
8, LAX, BCN
352, LAX, BDQ
37, LAX, BHO
2, LAX, BHX
31, LAX, BJS
20, LAX, BKK
10805, LAX, BLR
27314, LAX, BOM
11, LAX, BOS
4, LAX, BUD
2, LAX, BWN
16, LAX, CAI
37, LAX, CAN
70, LAX, CCJ
2806, LAX, CCU
20, LAX, CDG
2, LAX, CHI
149, LAX, CJB
7, LAX, CMB
2, LAX, CNX
1, LAX, COH
1492, LAX, COK
2, LAX, CTA
1, LAX, CTG
2, LAX, CUZ
22, LAX, DED
48805, LAX, DEL
1, LAX, DHM
14, LAX, DOH
14, LAX, DPS
6, LAX, DUB
75, LAX, DXB
1, LAX, EDI
4, LAX, ELP
5, LAX, EWR
3, LAX, FCO
2, LAX, FRA
367, LAX, GOI
1, LAX, HAN
26, LAX, HBE
2, LAX, HBX
28, LAX, HKG
3, LAX, HKT
1, LAX, HNL
2, LAX, HOU
16610, LAX, HYD
20, LAX, ICN
39, LAX, IDR
2, LAX, IKA
12, LAX, IST
91, LAX, IXC
73, LAX, IXE
10, LAX, IXZ
89, LAX, JAI
2, LAX, JED
5, LAX, JFK
1, LAX, JKT
9, LAX, JNB
1, LAX, KBP
4, LAX, KEF
2, LAX, KOA
8, LAX, KTM
6, LAX, LHE
106, LAX, LHR
8, LAX, LIM
159, LAX, LKO
44, LAX, LON
9276, LAX, MAA
10, LAX, MAD
6, LAX, MDC
1, LAX, MDE
12, LAX, MEL
2, LAX, MEX
6, LAX, MFM
3, LAX, MLE
3, LAX, MNL
1, LAX, MOW
3, LAX, MUC
2, LAX, MUM
1, LAX, MYQ
2, LAX, MZR
346, LAX, NAG
1, LAX, NAN
1, LAX, NAP
1, LAX, NCL
5, LAX, NGB
1, LAX, NGO
5, LAX, NJF
1, LAX, NKG
17, LAX, NRT
8, LAX, NYC
3, LAX, OGG
15, LAX, ORD
5, LAX, OSA
27, LAX, PAR
6, LAX, PAT
40, LAX, PEK
1, LAX, PHL
1, LAX, PLS
1, LAX, PMI
593, LAX, PNQ
2, LAX, PRG
89, LAX, PVG
1, LAX, REK
5, LAX, RGN
1, LAX, ROC
8, LAX, ROM
1, LAX, RPR
2, LAX, SEA
3, LAX, SEL
7, LAX, SFO
5, LAX, SGN
25, LAX, SHA
1, LAX, SHJ
48, LAX, SIN
8, LAX, SYD
1, LAX, SZG
1, LAX, SZX
1, LAX, TBS
11, LAX, TLV
764, LAX, TRV
16, LAX, TYO
5, LAX, VCE
3, LAX, VNO
13, LAX, VNS
222, LAX, VTZ
7, LAX, YTO
7, LAX, YVR
2, LAX, YYC
6, LAX, YYZ
6, LAX, ZRH
1, LBE, ICN
1, LBE, KMG
1, LEX, AMD
25, LEX, BLR
5, LEX, BOM
2, LEX, CHI
31, LEX, DEL
29, LEX, HYD
10, LEX, MAA
10, LFW, BOM
12, LGA, AMD
5, LGA, ATQ
1, LGA, BBI
1, LGA, BDQ
23, LGA, BLR
84, LGA, BOM
14, LGA, CCU
2, LGA, CJB
21, LGA, COK
133, LGA, DEL
40, LGA, HYD
1, LGA, JAI
19, LGA, MAA
4, LGA, PNQ
3, LGA, SEA
1, LGA, SYD
7, LGA, TRV
1, LGA, VGA
2, LGB, COK
6, LGB, DEL
2, LGB, IXC
1, LGW, MCO
2, LHR, AMD
2, LHR, ATQ
11, LHR, BLR
1, LHR, BOM
1, LHR, CCU
2, LHR, COK
11, LHR, DEL
14, LHR, EWR
1, LHR, HYD
3, LHR, LAX
2, LHR, MAA
3, LHR, MCO
1, LHR, PNQ
9, LHR, RDU
4, LHR, SEA
1, LIM, BLR
1, LIM, COK
4, LIM, MAA
2, LIS, CHI
3, LIS, SLC
7, LIT, AMD
1, LIT, BDQ
9, LIT, BLR
67, LIT, BOM
2, LIT, CCU
5, LIT, COK
36, LIT, DEL
27, LIT, HYD
13, LIT, MAA
1, LIT, PNQ
5, LKO, ATL
11, LKO, AUS
380, LKO, BKK
8, LKO, BOS
19, LKO, CHI
2, LKO, CLE
1, LKO, DEL
2, LKO, DEN
10, LKO, DFW
1, LKO, DTT
2, LKO, DTW
4, LKO, DXB
19, LKO, EWR
3, LKO, FLL
3, LKO, HYD
8, LKO, IAD
2, LKO, IAH
130, LKO, JFK
76, LKO, LAX
1, LKO, MCO
1, LKO, MIA
12, LKO, MSP
1, LKO, MSY
167, LKO, NYC
75, LKO, ORD
2, LKO, ORL
1, LKO, PHL
18, LKO, PHX
2, LKO, PIT
1, LKO, PNQ
5, LKO, SAN
19, LKO, SEA
104, LKO, SFO
15, LKO, SJC
1, LKO, SRQ
2, LKO, TPA
1, LKO, WAS
4, LNK, DEL
5, LNK, HYD
2, LON, AMD
7, LON, BLR
9, LON, BOM
2, LON, CCU
14, LON, DEL
5, LON, HYD
1, LON, IXR
2, LON, JFK
4, LON, MAA
2, LON, MSP
5, LON, NYC
3, LON, SAV
1, LON, TLV
4, LOS, BWI
1, LOS, COK
1, LOS, DEL
1, LSN, DEL
2, LUK, BLR
1, LUK, MAA
12, MAA, ABQ
1, MAA, AKL
4, MAA, AMS
7, MAA, ANC
1, MAA, ASR
3105, MAA, ATL
18, MAA, ATW
41, MAA, AUH
795, MAA, AUS
4, MAA, BCN
18, MAA, BDL
4, MAA, BLR
114, MAA, BNA
47, MAA, BOI
3002, MAA, BOS
74, MAA, BUF
120, MAA, BWI
4, MAA, CAK
1, MAA, CDG
2249, MAA, CHI
122, MAA, CLE
1386, MAA, CLT
365, MAA, CMH
412, MAA, CVG
1, MAA, DAB
18, MAA, DAL
127, MAA, DAY
34, MAA, DCA
1, MAA, DEL
816, MAA, DEN
3317, MAA, DFW
1, MAA, DMK
1, MAA, DOH
1, MAA, DPS
10, MAA, DSM
423, MAA, DTT
727, MAA, DTW
9, MAA, DXB
1, MAA, EUG
2534, MAA, EWR
67, MAA, FLL
4, MAA, FNT
1, MAA, FRA
8, MAA, GSO
3, MAA, GSP
1, MAA, HAR
1, MAA, HFD
4, MAA, HKG
101, MAA, HNL
304, MAA, HOU
2, MAA, HPN
2, MAA, HYD
3547, MAA, IAD
1191, MAA, IAH
29, MAA, ICT
1, MAA, ILG
61, MAA, IND
2, MAA, JAN
170, MAA, JAX
3028, MAA, JFK
4, MAA, KUL
99, MAA, LAS
2639, MAA, LAX
3, MAA, LGA
5, MAA, LHR
5, MAA, LIT
6, MAA, LON
2, MAA, LUK
1, MAA, MAD
138, MAA, MCI
428, MAA, MCO
9, MAA, MDW
1, MAA, MEL
68, MAA, MEM
1, MAA, MFR
1, MAA, MHT
227, MAA, MIA
1, MAA, MKC
9, MAA, MKE
1, MAA, MSN
548, MAA, MSP
9, MAA, MSY
1, MAA, NEW
3, MAA, NRT
3614, MAA, NYC
4, MAA, OAK
132, MAA, OMA
1, MAA, ONT
5400, MAA, ORD
286, MAA, ORL
2, MAA, PAR
470, MAA, PDX
1101, MAA, PHL
1362, MAA, PHX
252, MAA, PIT
801, MAA, RDU
25, MAA, RIC
1, MAA, RIO
2, MAA, ROC
1, MAA, ROM
1, MAA, SAC
297, MAA, SAN
230, MAA, SAT
30, MAA, SDF
2103, MAA, SEA
7162, MAA, SFO
4, MAA, SIN
374, MAA, SJC
189, MAA, SLC
130, MAA, SMF
3, MAA, SNA
126, MAA, STL
8, MAA, TLH
299, MAA, TPA
1, MAA, TRV
6, MAA, TUL
38, MAA, TUS
1, MAA, TXL
1, MAA, TYO
20, MAA, TYS
1522, MAA, WAS
44, MAA, XNA
1, MAA, YQG
35, MAA, YTO
10, MAA, YYZ
7, MAD, BOM
1, MAD, CCU
1, MAD, DEL
1, MAD, JAI
3, MAF, BOM
1, MAN, AUH
3, MAN, DEL
1, MAN, HYD
1, MAN, LPL
1, MAN, MAA
4, MBS, BOM
1, MBS, NAG
81, MCI, AMD
6, MCI, ATQ
9, MCI, BDQ
3, MCI, BHO
196, MCI, BLR
639, MCI, BOM
49, MCI, CCU
21, MCI, COK
885, MCI, DEL
1, MCI, GOI
881, MCI, HYD
1, MCI, IST
4, MCI, IXC
2, MCI, JAI
1, MCI, LGA
10, MCI, LKO
541, MCI, MAA
4, MCI, NAG
1, MCI, ORD
1, MCI, PAT
5, MCI, PNQ
1, MCI, SYD
3, MCI, TAE
9, MCI, TRV
952, MCO, AMD
11, MCO, ATL
18, MCO, ATQ
15, MCO, BBI
26, MCO, BDQ
2, MCO, BHO
6, MCO, BKK
1046, MCO, BLR
4, MCO, BOB
2107, MCO, BOM
6, MCO, CAI
1, MCO, CAN
1, MCO, CCJ
223, MCO, CCU
1, MCO, CMB
469, MCO, COK
1523, MCO, DEL
19, MCO, DXB
2, MCO, FRA
3, MCO, GAU
6, MCO, GOI
1486, MCO, HYD
5, MCO, IDR
5, MCO, IXC
10, MCO, JAI
3, MCO, JFK
2, MCO, LAS
7, MCO, LGW
2, MCO, LHR
6, MCO, LKO
2, MCO, LON
1319, MCO, MAA
4, MCO, MNL
2, MCO, MSP
1, MCO, MUC
6, MCO, NAG
1, MCO, OSL
4, MCO, PAR
142, MCO, PNQ
1, MCO, REK
2, MCO, SEL
2, MCO, SFO
4, MCO, SZX
154, MCO, TRV
1, MCT, GOI
1, MCT, TPA
1, MDE, BOG
19, MDE, MIA
5, MDT, BLR
4, MDT, BOM
3, MDT, CCU
5, MDT, DEL
1, MDT, HYD
1, MDT, MAA
1, MDT, TRV
4, MDT, VTZ
6, MDW, AMD
7, MDW, BLR
57, MDW, BOM
4, MDW, CCU
43, MDW, DEL
9, MDW, HYD
9, MDW, MAA
1, MDW, MSP
1, MDW, NAG
16, MED, HYD
6, MEL, BOM
1, MEL, DEL
1, MEL, DTT
1, MEL, NYC
2, MEL, ORD
19, MEM, AMD
5, MEM, ATQ
1, MEM, AUH
1, MEM, BBI
2, MEM, BDQ
147, MEM, BLR
541, MEM, BOM
35, MEM, CCU
2, MEM, COK
432, MEM, DEL
363, MEM, HYD
1, MEM, IDR
1, MEM, LKO
1, MEM, LON
212, MEM, MAA
3, MEM, NAG
10, MEM, PNQ
2, MEM, PUJ
1, MEM, TRV
1, MEM, YTO
2, MEX, BLR
4, MEX, BOM
6, MEX, DED
3, MEX, GOI
11, MEX, HYD
8, MEX, LAX
2, MEX, MAA
1, MFE, PEK
4, MFR, COK
12, MFR, DEL
1, MHK, DXB
1, MHT, BLR
1, MHT, DEL
1, MHT, TRV
2, MIA, AGR
572, MIA, AMD
1, MIA, AMS
28, MIA, ATQ
2, MIA, BBI
1, MIA, BCN
24, MIA, BDQ
1, MIA, BEY
13, MIA, BHO
1, MIA, BJS
586, MIA, BLR
3078, MIA, BOM
2, MIA, CCJ
454, MIA, CCU
4, MIA, CDG
478, MIA, COK
2, MIA, CRK
29, MIA, DAC
2836, MIA, DEL
6, MIA, DPS
1, MIA, DXB
2, MIA, FCO
39, MIA, GOI
1091, MIA, HYD
5, MIA, IDR
7, MIA, IST
1, MIA, IXC
1, MIA, IXM
13, MIA, JAI
2, MIA, JFK
1, MIA, KIN
2, MIA, KTM
1, MIA, KUF
7, MIA, LHR
25, MIA, LKO
2, MIA, LON
1569, MIA, MAA
3, MIA, MAD
3, MIA, MIL
3, MIA, MLE
2, MIA, MNL
6, MIA, MOW
8, MIA, NAG
4, MIA, NYC
9, MIA, PAR
6, MIA, PDP
69, MIA, PNQ
1, MIA, REP
2, MIA, ROM
2, MIA, SEA
1, MIA, SIN
1, MIA, SVO
61, MIA, TRV
1, MIA, UDR
1, MIA, VNS
1, MIA, ZRH
2, MIL, COK
9, MIL, DEL
1, MIL, MAA
2, MIL, VNS
2, MKC, ATL
1, MKC, ATQ
6, MKC, BLR
5, MKC, BOM
1, MKC, CHI
2, MKC, COK
108, MKC, DEL
1, MKC, DFW
2, MKC, DXB
13, MKC, HYD
1, MKC, JED
55, MKC, MAA
2, MKC, NYC
1, MKC, PAR
1, MKC, ZRH
4, MKE, ATQ
1, MKE, BBI
4, MKE, BLR
45, MKE, BOM
4, MKE, CCU
3, MKE, COK
81, MKE, DEL
2, MKE, GOI
24, MKE, HYD
1, MKE, IXC
11, MKE, MAA
5, MKE, NAG
6, MKE, NYC
1, MLB, DEL
1, MLB, MAA
2, MLE, BLR
2, MLE, CMB
1, MLE, DEL
6, MLI, DEL
1, MLI, FRA
1, MMU, MAA
1, MNL, BOM
4, MNL, DED
1, MNL, DEL
1, MNL, NYC
1, MNL, PHL
1, MOB, AMD
13, MOB, BLR
19, MOB, BOM
50, MOB, DEL
15, MOB, HYD
13, MOB, MAA
1, MOW, BOM
5, MOW, DEL
1, MOW, JFK
1, MQY, MAA
3, MRU, DEL
2, MRY, COK
2, MRY, DEL
3, MSN, GGG
27, MSN, MAA
2, MSO, BOM
2, MSO, DEL
8, MSO, WAS
91, MSP, AMD
12, MSP, ATQ
4, MSP, BBI
29, MSP, BDQ
3, MSP, BHO
5, MSP, BKK
1768, MSP, BLR
1048, MSP, BOM
2, MSP, CCJ
127, MSP, CCU
3, MSP, CHI
219, MSP, COK
1, MSP, CPT
3635, MSP, DEL
2, MSP, DOH
4, MSP, DUB
4, MSP, DXB
7, MSP, FRA
33, MSP, GOI
1, MSP, HEL
6, MSP, HKG
2221, MSP, HYD
3, MSP, IDR
4, MSP, IXC
4, MSP, IXM
7, MSP, IXZ
7, MSP, JAI
1, MSP, JFK
1, MSP, JKT
3, MSP, KUL
4, MSP, LHR
16, MSP, LKO
1184, MSP, MAA
20, MSP, NAG
4, MSP, PAT
49, MSP, PNQ
4, MSP, SFO
2, MSP, SXR
2, MSP, SYD
50, MSP, TRV
26, MSP, VTZ
1, MSP, YYC
1, MSP, YYZ
67, MSY, AMD
2, MSY, ATL
24, MSY, ATQ
3, MSY, BDQ
232, MSY, BLR
171, MSY, BOM
1, MSY, CCJ
45, MSY, CCU
49, MSY, COK
774, MSY, DEL
1, MSY, DUB
1, MSY, DXB
5, MSY, GOI
360, MSY, HYD
1, MSY, IXC
2, MSY, JAI
3, MSY, LHR
3, MSY, LKO
1, MSY, LON
57, MSY, MAA
2, MSY, MIL
11, MSY, NAG
4, MSY, PNQ
3, MSY, RAK
6, MSY, SGN
1, MTN, JFK
4, MUC, DCA
3, MUC, DEL
1, MUC, SFO
6, MUC, SMF
1, MUM, BOM
1, MUM, BOS
3, MUM, JNB
1, MUM, KUF
7, MXA, BOM
2, NAG, AMS
120, NAG, ATL
15, NAG, AUS
1, NAG, BNA
279, NAG, BOS
8, NAG, BWI
141, NAG, CHI
14, NAG, CLE
16, NAG, CLT
2, NAG, CMH
1, NAG, CVG
1, NAG, DAL
8, NAG, DCA
1, NAG, DEL
21, NAG, DEN
120, NAG, DFW
10, NAG, DTT
18, NAG, DTW
76, NAG, EWR
1, NAG, FLL
1, NAG, GSO
11, NAG, HOU
205, NAG, IAD
196, NAG, IAH
18, NAG, IND
94, NAG, JFK
4, NAG, LAS
136, NAG, LAX
1, NAG, LHR
10, NAG, MCO
6, NAG, MIA
10, NAG, MSP
2, NAG, MSY
209, NAG, NYC
149, NAG, ORD
1, NAG, ORL
8, NAG, PDX
32, NAG, PHL
17, NAG, PHX
16, NAG, PIT
45, NAG, RDU
1, NAG, SAN
1, NAG, SAT
4, NAG, SEA
211, NAG, SFO
5, NAG, SJC
11, NAG, SLC
1, NAG, STL
1, NAG, TUS
164, NAG, WAS
23, NAG, YTO
1, NAS, DEL
3, NBO, BOM
1, NEW, CCU
1, NEW, DEL
7, NGO, JFK
2, NRT, BOM
3, NRT, DEL
1, NYC, ABZ
1, NYC, ADD
1, NYC, AGP
2, NYC, AKL
13845, NYC, AMD
1, NYC, AMM
56, NYC, AMS
2, NYC, ARN
49, NYC, ATH
3, NYC, ATL
2190, NYC, ATQ
1, NYC, AUA
52, NYC, AUH
572, NYC, BBI
3, NYC, BCN
522, NYC, BDQ
1, NYC, BEG
3, NYC, BEI
2, NYC, BER
1, NYC, BFS
16, NYC, BHJ
154, NYC, BHO
183, NYC, BJS
64, NYC, BKK
1, NYC, BLL
12287, NYC, BLR
2, NYC, BNA
46551, NYC, BOM
1, NYC, BRS
7, NYC, BRU
3, NYC, BUD
12, NYC, CAI
2, NYC, CAN
362, NYC, CCJ
4745, NYC, CCU
4, NYC, CDG
1, NYC, CHC
3, NYC, CHI
540, NYC, CJB
15, NYC, CMB
6, NYC, CMN
7999, NYC, COK
5, NYC, CPH
1, NYC, CTA
4, NYC, DAC
2, NYC, DAR
10, NYC, DBV
2, NYC, DCA
50, NYC, DED
62221, NYC, DEL
10, NYC, DOH
17, NYC, DPS
6, NYC, DUB
206, NYC, DXB
3, NYC, DYU
3, NYC, EDI
17, NYC, FLR
12, NYC, FRA
7, NYC, GAU
1151, NYC, GOI
3, NYC, HAN
1, NYC, HEL
18, NYC, HKG
3, NYC, HKT
17112, NYC, HYD
1, NYC, IAH
4, NYC, ICN
309, NYC, IDR
7, NYC, IEV
9, NYC, IMF
31, NYC, IST
2, NYC, IXB
101, NYC, IXC
348, NYC, IXE
7, NYC, IXJ
2, NYC, IXM
137, NYC, IXU
23, NYC, IXZ
711, NYC, JAI
3, NYC, JKT
1, NYC, JMK
1, NYC, JNB
1, NYC, JOG
6, NYC, JRO
1, NYC, KIX
2, NYC, KRR
35, NYC, KTM
1, NYC, KUL
5, NYC, KWI
3, NYC, KZN
13, NYC, LAS
2, NYC, LAX
3, NYC, LCA
1, NYC, LHE
29, NYC, LHR
3, NYC, LIM
6, NYC, LIS
283, NYC, LKO
59, NYC, LON
2, NYC, LPB
15662, NYC, MAA
23, NYC, MAD
1, NYC, MAN
1, NYC, MBA
7, NYC, MCT
1, NYC, MED
6, NYC, MEL
9, NYC, MIL
3, NYC, MLE
16, NYC, MNL
5, NYC, MOW
4, NYC, MUC
2, NYC, MUM
1, NYC, MXP
575, NYC, NAG
2, NYC, NAN
5, NYC, NAP
6, NYC, NBO
1, NYC, NRT
3, NYC, ORD
1, NYC, OSA
1, NYC, OSL
1, NYC, OTP
43, NYC, PAR
214, NYC, PAT
5, NYC, PBM
17, NYC, PEK
1148, NYC, PNQ
9, NYC, PRG
8, NYC, PVG
12, NYC, RAJ
2, NYC, RAK
9, NYC, REK
1, NYC, REP
1, NYC, RGN
1, NYC, RMI
2, NYC, RNS
14, NYC, ROM
7, NYC, RPR
1, NYC, SBA
12, NYC, SEL
2, NYC, SEZ
3, NYC, SFO
2, NYC, SGN
6, NYC, SHA
1, NYC, SHJ
13, NYC, SHL
47, NYC, SIN
1, NYC, SIP
4, NYC, SJC
5, NYC, SJU
1, NYC, SNA
8, NYC, STV
1, NYC, SVO
46, NYC, SXR
1, NYC, TAS
14, NYC, TBS
1, NYC, TGD
10, NYC, TIR
4, NYC, TLV
3, NYC, TPA
10, NYC, TPE
1, NYC, TRC
3154, NYC, TRV
25, NYC, TYO
8, NYC, UDR
1, NYC, UKA
2, NYC, URC
5, NYC, VCE
1256, NYC, VGA
13, NYC, VIE
18, NYC, VNO
173, NYC, VNS
536, NYC, VTZ
5, NYC, XMN
2, NYC, YOW
4, NYC, YTO
2, NYC, YVR
1, NYC, YYZ
1, NYC, ZAG
11, NYC, ZRH
6, OAK, AMD
1, OAK, ATQ
4, OAK, BLR
27, OAK, BOM
7, OAK, CJB
153, OAK, DEL
1, OAK, DPS
1, OAK, EWR
2, OAK, FLL
2, OAK, GOI
17, OAK, HYD
2, OAK, LHR
1, OAK, LON
4, OAK, MAA
1, OAK, MAD
1, OAK, NYC
1, OAK, TBS
1, OAK, TRV
1, OKC, BAH
135, OKC, BOM
1, OKC, DFW
1, OKC, HKT
46, OKC, HYD
1, OKC, LHR
77, OKC, MAA
18, OMA, AMD
4, OMA, ATQ
3, OMA, BBI
2, OMA, BHO
91, OMA, BLR
122, OMA, BOM
8, OMA, CCU
27, OMA, COK
132, OMA, DEL
6, OMA, GOI
345, OMA, HYD
4, OMA, IDR
2, OMA, JAI
296, OMA, MAA
1, OMA, MEL
6, OMA, PNQ
7, OMA, TRV
1, ONT, BLR
8, ONT, BOM
18, ONT, DEL
1, ONT, HKG
2, ONT, HYD
10101, ORD, AMD
5, ORD, AMS
530, ORD, ATQ
11, ORD, AUH
1, ORD, BAH
120, ORD, BBI
1, ORD, BCN
430, ORD, BDQ
72, ORD, BHO
1, ORD, BJS
29, ORD, BKK
6623, ORD, BLR
17353, ORD, BOM
12, ORD, CAI
55, ORD, CCJ
4042, ORD, CCU
12, ORD, CDG
140, ORD, CJB
1, ORD, CNX
6244, ORD, COK
7, ORD, CPH
2, ORD, CTU
23563, ORD, DEL
1, ORD, DMK
1, ORD, DOH
5, ORD, DPS
10, ORD, DUB
147, ORD, DXB
26, ORD, FRA
3, ORD, GAU
54, ORD, GOI
8, ORD, HKG
21722, ORD, HYD
1, ORD, ICN
41, ORD, IDR
18, ORD, IST
15, ORD, IXC
120, ORD, IXE
233, ORD, IXM
2, ORD, IXZ
153, ORD, JAI
1, ORD, JDH
27, ORD, JED
1, ORD, JFK
2, ORD, JKT
8, ORD, JNB
1, ORD, KUL
17, ORD, LHR
115, ORD, LKO
6, ORD, LON
1, ORD, LPA
9432, ORD, MAA
1, ORD, MAD
6, ORD, MED
4, ORD, MLE
11, ORD, MOW
1, ORD, MUC
1, ORD, MUM
166, ORD, NAG
1, ORD, NBO
3, ORD, NYC
2, ORD, PAR
40, ORD, PAT
1, ORD, PDX
1214, ORD, PNQ
3, ORD, SFO
1, ORD, SHA
39, ORD, SIN
1, ORD, STV
2, ORD, SXR
2, ORD, TLS
3, ORD, TLV
583, ORD, TRV
3, ORD, TRZ
1, ORD, TYO
1, ORD, VCE
1236, ORD, VGA
3, ORD, VIE
319, ORD, VTZ
1, ORD, ZAG
1, ORD, ZRH
1, ORF, HYD
1, ORF, LAX
1, ORH, HYD
285, ORL, AMD
4, ORL, AMS
1, ORL, ATQ
4, ORL, BBI
5, ORL, BDQ
1, ORL, BHO
5, ORL, BKK
333, ORL, BLR
1, ORL, BOG
368, ORL, BOM
1, ORL, CCJ
31, ORL, CCU
1, ORL, CDG
2, ORL, CJB
1, ORL, CNX
49, ORL, COK
251, ORL, DEL
58, ORL, DXB
2, ORL, FLR
1, ORL, FRA
3, ORL, GOI
248, ORL, HYD
3, ORL, IDR
1, ORL, IQT
2, ORL, IST
2, ORL, IXC
2, ORL, LAX
1, ORL, LHR
2, ORL, LON
357, ORL, MAA
3, ORL, NAG
1, ORL, PAT
2, ORL, PNQ
4, ORL, PRG
1, ORL, ROM
22, ORL, TRV
1, ORL, ZRH
1, OSL, DEL
1, OSU, DEL
8, PAR, BLR
1, PAR, BOM
12, PAR, DEL
1, PAR, DEN
1, PAR, DXB
1, PAR, GVA
1, PAR, LAX
8, PAT, ATL
7, PAT, AUS
1, PAT, BNA
4, PAT, BOS
9, PAT, BWI
5, PAT, CHI
7, PAT, CLE
7, PAT, CLT
1, PAT, CMH
6, PAT, CVG
1, PAT, DCA
2, PAT, DEL
7, PAT, DFW
17, PAT, EWR
20, PAT, FLL
25, PAT, IAD
6, PAT, IAH
1, PAT, IND
117, PAT, JFK
7, PAT, LAX
1, PAT, MIA
2, PAT, MSP
44, PAT, NYC
1, PAT, OAK
44, PAT, ORD
5, PAT, PHL
2, PAT, PHX
2, PAT, RDU
1, PAT, SAN
2, PAT, SAT
4, PAT, SEA
39, PAT, SFO
2, PAT, SJC
2, PAT, SLC
3, PAT, STL
28, PAT, TPA
3, PAT, WAS
2, PBI, AMD
1, PBI, BDQ
2, PBI, BLR
35, PBI, BOM
3, PBI, CCU
2, PBI, COK
34, PBI, DEL
2, PBI, DXB
68, PBI, HYD
4, PBI, MAA
1, PDK, GOI
243, PDX, AMD
7, PDX, AMS
1, PDX, ATH
20, PDX, ATQ
3, PDX, BBI
10, PDX, BDQ
4, PDX, BEY
3, PDX, BHO
2, PDX, BKK
1756, PDX, BLR
2547, PDX, BOM
1, PDX, CAI
3, PDX, CCJ
162, PDX, CCU
122, PDX, COK
2053, PDX, DEL
1, PDX, DEN
1, PDX, DPS
5, PDX, DTT
3, PDX, DXB
1, PDX, FRU
36, PDX, GOI
4, PDX, HKG
3, PDX, HKT
1772, PDX, HYD
6, PDX, IDR
2, PDX, IST
2, PDX, IXC
4, PDX, IXZ
5, PDX, JAI
2, PDX, JFK
1, PDX, KBV
1, PDX, KTM
12, PDX, KUL
2, PDX, LAS
8, PDX, LAX
5, PDX, LHR
1092, PDX, MAA
2, PDX, MLE
10, PDX, NAG
5, PDX, NRT
1, PDX, NYC
1, PDX, PAR
63, PDX, PNQ
5, PDX, PQC
6, PDX, SEA
3, PDX, SFO
5, PDX, SGN
12, PDX, SIN
1, PDX, SLC
2, PDX, SXR
39, PDX, TRV
2, PDX, TYO
46, PDX, VTZ
2, PEK, DEL
5, PER, BOM
1, PER, SMF
1, PHF, BOM
1, PHF, DEL
1, PHF, MAA
2599, PHL, AMD
1, PHL, AMS
3, PHL, ATL
76, PHL, ATQ
1, PHL, AUH
3, PHL, BAH
8, PHL, BBI
43, PHL, BDQ
1, PHL, BHO
2, PHL, BKK
1634, PHL, BLR
3572, PHL, BOM
46, PHL, CCJ
996, PHL, CCU
1, PHL, CHI
2, PHL, CLE
1704, PHL, COK
2, PHL, CUN
4059, PHL, DEL
6, PHL, DOH
4, PHL, DPS
10, PHL, DXB
6, PHL, FNC
4, PHL, FRA
37, PHL, GOI
3, PHL, GRR
6, PHL, HAN
1, PHL, HKG
4680, PHL, HYD
12, PHL, IDR
5, PHL, IXC
1, PHL, IXJ
9, PHL, JAI
5, PHL, KWI
4, PHL, LAX
4, PHL, LHR
8, PHL, LKO
9, PHL, LON
3, PHL, LOS
4567, PHL, MAA
2, PHL, MSY
78, PHL, NAG
1, PHL, ORD
6, PHL, PAR
5, PHL, PAT
85, PHL, PNQ
1, PHL, REP
4, PHL, SIN
4, PHL, SJU
1, PHL, STO
2, PHL, SXR
1, PHL, SYD
293, PHL, TRV
1, PHL, TYO
1, PHL, ZNZ
2, PHL, ZRH
570, PHX, AMD
14, PHX, ATQ
1, PHX, BBI
14, PHX, BDQ
32, PHX, BHO
4, PHX, BJS
1, PHX, BKK
1756, PHX, BLR
2451, PHX, BOM
21, PHX, BOS
16, PHX, CCJ
202, PHX, CCU
9, PHX, CDG
144, PHX, COK
3626, PHX, DEL
42, PHX, DXB
5, PHX, FRA
17, PHX, GOI
1, PHX, HOU
3655, PHX, HYD
7, PHX, IDR
3, PHX, IXC
2, PHX, IXZ
5, PHX, JAI
1, PHX, JED
2, PHX, JFK
1, PHX, JKT
2, PHX, JNB
3, PHX, LAX
2, PHX, LHR
1, PHX, LKO
4, PHX, LON
1302, PHX, MAA
2, PHX, MAD
73, PHX, NAG
4, PHX, ORD
12, PHX, PAR
4, PHX, PAT
123, PHX, PNQ
1, PHX, SFO
26, PHX, SIN
3, PHX, SOF
190, PHX, TRV
1, PHX, TYO
1, PHX, VCE
14, PHX, VTZ
4, PHX, YYZ
1, PHX, ZRH
45, PIA, DEL
1, PIA, DXB
1, PIE, AMD
1, PIE, HYD
1, PIE, NYC
175, PIT, AMD
2, PIT, AMS
8, PIT, ATQ
1, PIT, BDQ
1, PIT, BHJ
614, PIT, BLR
1745, PIT, BOM
3, PIT, BOS
11, PIT, CCJ
35, PIT, CCU
4, PIT, CDG
63, PIT, COK
1079, PIT, DEL
2, PIT, DOH
8, PIT, DXB
1, PIT, EWR
3, PIT, FLL
5, PIT, FRA
9, PIT, GOI
1296, PIT, HYD
1, PIT, ICN
38, PIT, IDR
2, PIT, IST
4, PIT, IXC
1, PIT, KUL
1, PIT, LHE
29, PIT, LKO
6, PIT, LON
631, PIT, MAA
2, PIT, MEL
1, PIT, MUM
4, PIT, NAG
2, PIT, PAR
3, PIT, PAT
21, PIT, PNQ
4, PIT, REK
2, PIT, SIN
2, PIT, SXR
1, PIT, TRD
39, PIT, TRV
2, PIT, VGA
1, PIT, VTZ
4, PNQ, ANC
114, PNQ, ATL
43, PNQ, AUS
1, PNQ, BDL
31, PNQ, BNA
1, PNQ, BOM
421, PNQ, BOS
13, PNQ, BWI
364, PNQ, CHI
10, PNQ, CLE
60, PNQ, CLT
6, PNQ, CMH
9, PNQ, CVG
1, PNQ, DAY
3, PNQ, DEL
11, PNQ, DEN
192, PNQ, DFW
1, PNQ, DOH
4, PNQ, DSM
15, PNQ, DTT
101, PNQ, DTW
2, PNQ, DXB
186, PNQ, EWR
1, PNQ, FLL
1, PNQ, FRA
31, PNQ, HOU
262, PNQ, IAD
216, PNQ, IAH
18, PNQ, IND
3, PNQ, JAX
232, PNQ, JFK
9, PNQ, LAS
232, PNQ, LAX
7, PNQ, LHR
3, PNQ, LON
79, PNQ, MCO
3, PNQ, MDW
2, PNQ, MEM
14, PNQ, MIA
40, PNQ, MSP
529, PNQ, NYC
9, PNQ, OAK
13, PNQ, OMA
477, PNQ, ORD
10, PNQ, ORL
1, PNQ, PAR
26, PNQ, PDX
31, PNQ, PHL
88, PNQ, PHX
18, PNQ, PIT
21, PNQ, RDU
14, PNQ, SAN
8, PNQ, SAT
244, PNQ, SEA
900, PNQ, SFO
69, PNQ, SJC
34, PNQ, STL
24, PNQ, TPA
13, PNQ, TYO
115, PNQ, WAS
1, PNS, AMD
5, PNS, BOM
7, PNS, DEL
1, PNS, MAA
1, POS, HYD
1, POS, JAX
1, PSA, IXL
1, PSC, BKK
4, PSP, BOM
3, PSP, DEL
1, PSP, SFO
2, PVD, AMD
1, PVD, BLR
13, PVD, BOM
1, PVD, CCU
8, PVD, DEL
3, PVD, DUB
2, PVD, HYD
1, PVG, HKG
1, PVG, ORD
12, PWM, BLR
53, PWM, HYD
1, PWM, JAX
1, PWM, LON
1, QRO, GOI
8, QRO, LAX
1, QRO, TIJ
1, RAJ, BOM
4, RAJ, CLT
3, RAJ, DTW
1, RAK, AKL
1, RDM, BNE
1, RDM, JFK
1, RDU, ADD
816, RDU, AMD
7, RDU, AMS
3, RDU, ATL
21, RDU, ATQ
3, RDU, BBI
81, RDU, BDQ
1, RDU, BER
41, RDU, BHO
1786, RDU, BLR
3630, RDU, BOM
1, RDU, BOS
1, RDU, BRU
1, RDU, CAI
29, RDU, CCJ
361, RDU, CCU
1, RDU, CDG
238, RDU, COK
2101, RDU, DEL
5, RDU, DXB
1, RDU, EZE
3, RDU, FRA
19, RDU, GOI
15, RDU, GVA
2185, RDU, HYD
1, RDU, IAD
5, RDU, ICN
8, RDU, IDR
3, RDU, IST
11, RDU, IXC
1, RDU, IXM
43, RDU, JAI
7, RDU, JFK
1, RDU, KIR
3, RDU, LHR
6, RDU, LKO
3, RDU, LON
2707, RDU, MAA
1, RDU, MAD
1, RDU, MCT
1, RDU, MEL
3, RDU, MUC
101, RDU, NAG
2, RDU, NYC
1, RDU, ORD
6, RDU, PAR
14, RDU, PAT
1, RDU, PNH
64, RDU, PNQ
2, RDU, SEZ
1, RDU, SIN
155, RDU, TRV
21, RDU, VTZ
3, RDU, ZRH
2, REK, AMS
2, REK, BLR
1, REN, BOM
22, RIC, AMD
1, RIC, ATQ
105, RIC, BLR
373, RIC, BOM
1, RIC, CCJ
7, RIC, CCU
2, RIC, COK
189, RIC, DEL
36, RIC, DXB
1, RIC, GOI
61, RIC, HYD
2, RIC, JAI
2, RIC, LKO
34, RIC, MAA
1, RIC, MUC
4, RIC, PNQ
13, RIC, TRV
1, RIC, VGA
1, RIO, MAA
26, RNO, BOM
1, RNO, DEL
3, RNO, HYD
8, RNO, IAD
1, ROA, TXL
62, ROC, AMD
118, ROC, BLR
406, ROC, BOM
220, ROC, DEL
18, ROC, HYD
3, ROC, JFK
4, ROC, LAX
5, ROC, MAA
4, ROM, BOM
6, ROM, DEL
2, ROM, PNQ
1, ROM, TLV
3, RST, HYD
3, RSW, BOM
2, RSW, DSM
11, RSW, HYD
3, RSW, JFK
1, RUH, BOM
3, SAC, BLR
1, SAC, BOM
3, SAC, COK
17, SAC, DEL
34, SAC, DXB
1, SAC, GRR
3, SAC, HYD
1, SAC, KTM
4, SAC, SEA
3, SAF, DEL
80, SAN, AMD
1, SAN, AMS
5, SAN, ATQ
1, SAN, AUH
2, SAN, BBI
10, SAN, BDQ
2, SAN, BHX
1, SAN, BJS
814, SAN, BLR
1059, SAN, BOM
1, SAN, CCJ
106, SAN, CCU
11, SAN, COK
1, SAN, DCA
1561, SAN, DEL
2, SAN, DPS
2, SAN, DXB
2, SAN, FRA
8, SAN, GOI
1079, SAN, HYD
1, SAN, IDR
5, SAN, IXC
23, SAN, JAI
1, SAN, LAX
1, SAN, LHR
6, SAN, LKO
2, SAN, LON
699, SAN, MAA
2, SAN, NAG
4, SAN, OSA
17, SAN, PNQ
1, SAN, ROM
5, SAN, SEA
1, SAN, SJD
49, SAN, TRV
10, SAN, TYO
4, SAO, BLR
1, SAO, BOM
11, SAT, AMD
2, SAT, BBI
1, SAT, BDQ
77, SAT, BLR
358, SAT, BOM
12, SAT, CCU
15, SAT, COK
301, SAT, DEL
2, SAT, GOI
328, SAT, HYD
1, SAT, IXC
285, SAT, MAA
19, SAT, NAG
1, SAT, NYC
3, SAT, PAT
21, SAT, PNQ
7, SAT, TRV
4, SAT, VGA
1, SAT, VTZ
2, SAV, AMD
1, SAV, ATH
1, SAV, BCN
133, SAV, BOM
3, SAV, DEL
1, SAV, IST
1, SAV, MIL
5, SAV, SRQ
1, SBA, CDG
7, SBA, FRA
1, SBA, LHR
1, SBD, BLR
1, SCK, BBI
1, SCK, CAN
2, SCK, DEL
1, SCL, MAA
7, SDF, AMD
2, SDF, BLR
344, SDF, BOM
2, SDF, CHI
84, SDF, DEL
2, SDF, DXB
194, SDF, HYD
92, SDF, MAA
1, SDF, PAR
1, SDF, TYO
1, SEA, ADD
1181, SEA, AMD
13, SEA, AMS
1, SEA, ATH
116, SEA, ATQ
1, SEA, AUH
32, SEA, BBI
2, SEA, BCN
169, SEA, BDQ
2, SEA, BHJ
26, SEA, BHO
1, SEA, BHX
10, SEA, BKK
6302, SEA, BLR
9859, SEA, BOM
1, SEA, BRU
7, SEA, BUD
1, SEA, BUE
63, SEA, CCJ
1339, SEA, CCU
6, SEA, CDG
2, SEA, CHI
1, SEA, CJB
11, SEA, CMB
1250, SEA, COK
16935, SEA, DEL
1, SEA, DPS
51, SEA, DXB
6, SEA, FRA
4, SEA, GAU
440, SEA, GOI
2, SEA, GUA
4, SEA, HAN
28, SEA, HKG
8162, SEA, HYD
1, SEA, IAH
132, SEA, IDR
10, SEA, IST
3, SEA, IXB
139, SEA, IXC
2, SEA, IXJ
25, SEA, IXZ
119, SEA, JAI
15, SEA, JFK
1, SEA, KMG
4, SEA, KTM
1, SEA, KTW
1, SEA, KWI
3, SEA, LAX
25, SEA, LHR
2, SEA, LIS
1, SEA, LJU
68, SEA, LKO
31, SEA, LON
10, SEA, LPQ
4101, SEA, MAA
1, SEA, MCO
1, SEA, MIL
3, SEA, MUM
78, SEA, NAG
12, SEA, NBO
9, SEA, NYC
1, SEA, OKA
3, SEA, ORD
3, SEA, OSA
17, SEA, PAR
44, SEA, PAT
4, SEA, PDX
2, SEA, PHX
1, SEA, PNH
552, SEA, PNQ
16, SEA, ROM
3, SEA, SFO
7, SEA, SGN
2, SEA, SHA
9, SEA, SHL
41, SEA, SIN
2, SEA, SJC
71, SEA, SXR
3, SEA, SYD
3, SEA, TIR
16, SEA, TPE
240, SEA, TRV
5, SEA, TYO
1, SEA, YVR
1, SEL, ATL
1, SEL, BOM
1, SEL, CCU
2, SFB, AMD
1, SFB, ATQ
2, SFB, BLR
6, SFB, BOM
1, SFB, CCU
5, SFB, DEL
8, SFB, HYD
2, SFB, MAA
1, SFO, ADD
1, SFO, ADL
1, SFO, AGR
6, SFO, AKL
6356, SFO, AMD
46, SFO, AMS
1, SFO, ATH
2, SFO, ATL
3923, SFO, ATQ
1, SFO, AUH
3, SFO, BAH
1349, SFO, BBI
20, SFO, BCN
490, SFO, BDQ
5, SFO, BER
788, SFO, BHO
12, SFO, BJS
142, SFO, BKK
26524, SFO, BLR
3, SFO, BOD
44981, SFO, BOM
7, SFO, BOS
1, SFO, BRU
2, SFO, BUF
5, SFO, CAI
68, SFO, CAN
847, SFO, CCJ
5775, SFO, CCU
14, SFO, CDG
2, SFO, CFE
8, SFO, CGK
1, SFO, CHC
3, SFO, CHI
2525, SFO, CJB
88, SFO, CMB
1, SFO, CMH
7299, SFO, COK
9, SFO, CPH
2, SFO, CPT
3, SFO, CTG
1, SFO, DAC
1, SFO, DBV
74759, SFO, DEL
5, SFO, DFW
1, SFO, DMK
19, SFO, DPS
4, SFO, DRO
2, SFO, DUB
14, SFO, DUS
98, SFO, DXB
2, SFO, EDI
13, SFO, EWR
1, SFO, FCO
53, SFO, FRA
3, SFO, FRU
349, SFO, GAU
2415, SFO, GOI
2, SFO, GUM
4, SFO, HAM
2, SFO, HAN
35, SFO, HKG
3, SFO, HKT
1, SFO, HNL
30749, SFO, HYD
1, SFO, IAD
14, SFO, ICN
929, SFO, IDR
56, SFO, IST
1262, SFO, IXC
1, SFO, IXE
4, SFO, IXJ
1273, SFO, IXM
2, SFO, IXR
6, SFO, IXU
280, SFO, IXZ
1740, SFO, JAI
2, SFO, JED
24, SFO, JFK
3, SFO, JKT
3, SFO, JNB
2, SFO, JRO
1, SFO, KIX
1, SFO, KNU
17, SFO, KTM
20, SFO, KUL
2, SFO, LAS
1, SFO, LGW
129, SFO, LHR
4, SFO, LIS
585, SFO, LKO
116, SFO, LON
4, SFO, LPL
1, SFO, LRR
6, SFO, LUN
22940, SFO, MAA
3, SFO, MAD
16, SFO, MAN
1, SFO, MDL
7, SFO, MEL
1, SFO, MGQ
5, SFO, MLE
3, SFO, MNL
2, SFO, MSP
18, SFO, MUC
4, SFO, MXP
896, SFO, NAG
6, SFO, NAN
2, SFO, NAP
11, SFO, NBO
1, SFO, NRT
5, SFO, NYC
7, SFO, ORD
1, SFO, OSA
37, SFO, PAR
897, SFO, PAT
1, SFO, PEK
2, SFO, PEN
3727, SFO, PNQ
1, SFO, PRG
8, SFO, PTY
8, SFO, PVG
3, SFO, REK
3, SFO, REP
13, SFO, RGN
3, SFO, ROM
12, SFO, SEA
2, SFO, SEZ
6, SFO, SGN
7, SFO, SHA
6, SFO, SHL
105, SFO, SIN
1, SFO, SJO
4, SFO, STV
2, SFO, SXF
371, SFO, SXR
19, SFO, SYD
2, SFO, TBS
6, SFO, TIR
5, SFO, TLV
14, SFO, TPE
2775, SFO, TRV
1048, SFO, TRZ
4, SFO, TXL
31, SFO, TYO
1, SFO, UDR
1, SFO, ULN
1, SFO, URT
1, SFO, USM
1, SFO, VCE
2299, SFO, VGA
1929, SFO, VTZ
1, SFO, WAW
3, SFO, YMQ
3, SFO, YTO
14, SFO, YWG
8, SFO, YYZ
17, SFO, ZRH
2, SGF, AMD
1, SGF, DEL
7, SGF, SEA
18, SGF, TLV
2, SGN, BOM
1, SHA, ATL
1, SHA, BOM
1, SHA, DEL
7, SHA, NYC
4, SHA, SFO
1, SHV, BLR
4, SIN, BOM
1, SIN, COK
2, SIN, DEL
1, SIN, IAD
1, SIN, LAX
1, SIN, MAA
2, SIN, PNQ
1, SIN, SEA
4, SIN, VTZ
1, SJC, AKL
95, SJC, AMD
7, SJC, AMS
21, SJC, ATQ
1, SJC, AUH
11, SJC, BBI
1, SJC, BCN
13, SJC, BDQ
2, SJC, BHO
1, SJC, BJS
15, SJC, BKK
2732, SJC, BLR
2382, SJC, BOM
1, SJC, CAN
11, SJC, CCJ
86, SJC, CCU
1, SJC, CDG
4, SJC, CJB
2, SJC, CMB
80, SJC, COK
5344, SJC, DEL
1, SJC, DUB
4, SJC, DXB
2, SJC, EWR
2, SJC, FRA
9, SJC, GOI
1, SJC, GOT
4, SJC, HKG
920, SJC, HYD
4, SJC, IDR
2, SJC, IST
8, SJC, IXC
2, SJC, IXM
24, SJC, JAI
2, SJC, JFK
7, SJC, JNB
1, SJC, KUL
1, SJC, LAX
13, SJC, LHR
4, SJC, LKO
5, SJC, LON
627, SJC, MAA
2, SJC, MAD
1, SJC, MOW
1, SJC, MUC
55, SJC, NAG
3, SJC, NRT
1, SJC, OPO
1, SJC, OSL
1, SJC, PAR
2, SJC, PAT
247, SJC, PNQ
1, SJC, REK
3, SJC, SEA
1, SJC, SFO
1, SJC, SIN
1, SJC, STO
1, SJC, TIR
20, SJC, TRV
7, SJC, VGA
2, SJC, VTZ
3, SJC, YTO
1, SJU, DEL
1, SJU, JFK
1, SJU, PHL
28, SLC, AMD
4, SLC, AMS
9, SLC, ATQ
3, SLC, BDQ
35, SLC, BKK
316, SLC, BLR
279, SLC, BOM
3, SLC, CAI
11, SLC, CCJ
38, SLC, CCU
52, SLC, COK
744, SLC, DEL
1, SLC, DFW
2, SLC, DPS
5, SLC, DXB
1, SLC, EWR
5, SLC, GOI
637, SLC, HYD
3, SLC, IDR
3, SLC, IXC
1, SLC, KTM
3, SLC, LAX
15, SLC, LHR
5, SLC, LKO
464, SLC, MAA
1, SLC, MUC
2, SLC, NAG
6, SLC, NBO
2, SLC, ORL
2, SLC, PAR
6, SLC, PAT
1, SLC, PDX
19, SLC, PNQ
1, SLC, SAN
1, SLC, SEA
4, SLC, SFO
1, SLC, SJC
3, SLC, SXR
1, SLC, TPA
132, SLC, TRV
4, SLE, MAA
10, SMF, AMD
4, SMF, AMS
5, SMF, ATQ
2, SMF, BBI
1, SMF, BDQ
118, SMF, BLR
84, SMF, BOM
5, SMF, CCU
22, SMF, COK
352, SMF, DEL
203, SMF, HYD
6, SMF, IXC
1, SMF, LAX
43, SMF, MAA
5, SMF, PNQ
65, SMF, SEA
1, SMF, SIN
2, SMF, TRV
2, SMF, VGA
6, SNA, AMD
1, SNA, AUH
5, SNA, BLR
47, SNA, BOM
1, SNA, COK
41, SNA, DEL
1, SNA, HYD
2, SNA, MAA
1, SPI, DFW
7, SRQ, AMD
4, SRQ, BLR
7, SRQ, BOM
2, SRQ, DEL
3, SRQ, HYD
5, SRQ, MAA
2, SRQ, NYC
5, STI, NYC
83, STL, AMD
3, STL, ATL
2, STL, ATQ
10, STL, BBI
4, STL, BDQ
269, STL, BLR
762, STL, BOM
2, STL, BZE
3, STL, CCJ
49, STL, CCU
1, STL, CJB
43, STL, COK
1, STL, DED
318, STL, DEL
1, STL, DTW
2, STL, EWR
2, STL, FRA
1, STL, GOI
1242, STL, HYD
1, STL, IXC
9, STL, JAI
1, STL, LKO
407, STL, MAA
7, STL, NAG
2, STL, NYC
1, STL, ORD
8, STL, PAT
20, STL, PNQ
3, STL, TRV
2, STL, UDR
1, STL, VNS
2, STL, VTZ
2, STL, YYZ
2, STO, BOM
1, STS, CCU
4, STS, DEL
22, STV, BOS
1, SWF, AMD
1, SWF, ATQ
10, SWF, BLR
5, SWF, BOM
1, SWF, CCU
1, SWF, CHO
1, SWF, CNX
3, SWF, COK
11, SWF, DEL
10, SWF, GOI
1, SWF, JAI
2, SWF, LHR
1, SXM, BOM
2, SXM, JFK
1, SXM, LON
10, SXR, ATL
4, SXR, BOS
6, SXR, BWI
4, SXR, CLE
2, SXR, CMH
3, SXR, DTW
20, SXR, FLL
2, SXR, IAD
3, SXR, JFK
2, SXR, MSP
2, SXR, NYC
4, SXR, ORD
2, SXR, PDX
2, SXR, PHL
2, SXR, PIT
2, SXR, SFO
2, SXR, SLC
3, SYD, BOM
1, SYD, DEL
2, SYD, DPS
22, SYD, LAX
11, SYD, SFO
23, SYR, AMD
4, SYR, BOM
7, SYR, DEL
3, SYR, LAX
2, SYR, LON
1, SYR, MAA
7, SYR, TRV
1, TEB, BLR
1, TEB, CJB
4, TIJ, BLR
1, TIJ, BOM
3, TIJ, DEL
2, TIJ, HYD
4, TIJ, MEX
1, TIR, ORD
3, TIR, SFO
11, TLH, AMD
1, TLH, AMS
1, TLH, BBI
10, TLH, BLR
43, TLH, BOM
5, TLH, CCU
12, TLH, COK
28, TLH, DEL
1, TLH, DXB
27, TLH, HYD
1, TLH, LHR
4, TLH, LON
14, TLH, MAA
3, TLH, NAG
1, TLH, PAR
1, TLH, SIN
2, TLV, AQJ
2, TLV, BKK
1, TLV, BLR
7, TLV, BOM
1, TLV, COK
2, TLV, DEL
12, TLV, NYC
3, TOL, AMD
1, TOL, BLR
2, TOL, BOM
2, TOL, HYD
695, TPA, AMD
2, TPA, AMS
33, TPA, ATQ
2, TPA, AUH
1, TPA, BBI
61, TPA, BDQ
8, TPA, BHO
762, TPA, BLR
2057, TPA, BOM
1, TPA, CCJ
87, TPA, CCU
3, TPA, CJB
2, TPA, CNX
133, TPA, COK
848, TPA, DEL
4, TPA, DXB
15, TPA, GOI
4, TPA, HNL
1840, TPA, HYD
1, TPA, IDR
4, TPA, IXC
5, TPA, IXE
2, TPA, JED
2, TPA, LHR
3, TPA, LKO
2, TPA, LON
922, TPA, MAA
1, TPA, MAD
1, TPA, MEL
17, TPA, NAG
4, TPA, NYC
1, TPA, PAR
44, TPA, PNQ
1, TPA, SIN
1, TPA, SVD
28, TPA, TRV
1, TPA, TYO
8, TPA, VGA
4, TPA, WAS
1, TPA, ZRH
1, TPE, HYD
1, TRI, BOM
2, TRV, ABQ
100, TRV, ATL
3, TRV, AUS
1, TRV, BAH
103, TRV, BOS
140, TRV, CHI
17, TRV, CLE
18, TRV, CLT
2, TRV, CMH
2, TRV, CVG
40, TRV, DEN
205, TRV, DFW
2, TRV, DSM
3, TRV, DTT
52, TRV, DTW
3, TRV, DXB
48, TRV, EWR
2, TRV, HKG
22, TRV, HNL
61, TRV, HOU
104, TRV, IAD
102, TRV, IAH
1, TRV, IND
1, TRV, IST
2, TRV, JAX
522, TRV, JFK
1, TRV, LAS
410, TRV, LAX
31, TRV, LGA
8, TRV, MCO
4, TRV, MIA
1, TRV, MSY
247, TRV, NYC
232, TRV, ORD
1, TRV, ORL
2, TRV, PDX
87, TRV, PHL
15, TRV, PHX
3, TRV, PIT
73, TRV, RDU
3, TRV, RIC
4, TRV, SAN
15, TRV, SEA
544, TRV, SFO
3, TRV, SJC
1, TRV, SLC
1, TRV, STL
22, TRV, TPA
36, TRV, WAS
2, TRZ, ATL
2, TRZ, BOM
6, TRZ, BOS
5, TRZ, DEL
1, TRZ, MAA
73, TRZ, SFO
2, TRZ, SIN
9, TRZ, SJC
1, TTN, BDQ
2, TTN, BOM
1, TTN, DEL
1, TTN, DXB
3, TTN, HYD
1, TTN, NAG
11, TUL, AMD
1, TUL, ATL
28, TUL, BLR
58, TUL, BOM
10, TUL, CCU
8, TUL, COK
61, TUL, DEL
2, TUL, DOH
2, TUL, GOI
67, TUL, HYD
32, TUL, MAA
1, TUL, MNL
7, TUL, PNQ
3, TUL, TRV
4, TUS, AMD
1, TUS, ATQ
31, TUS, BLR
42, TUS, BOM
5, TUS, CCU
7, TUS, COK
81, TUS, DEL
1, TUS, GOI
34, TUS, HYD
2, TUS, LHR
49, TUS, MAA
2, TUS, PAR
2, TUS, PNQ
2, TUS, RDU
3, TUS, SIN
4, TUS, TRV
2, TXL, LAS
1, TYO, BKK
5, TYO, BLR
34, TYS, BOM
4, TYS, CCU
2, TYS, DEL
33, TYS, HYD
13, TYS, MAA
1, UBP, CMB
1, UIN, BOM
1, USA, DEL
2, VCE, BOM
21, VGA, AUS
4, VGA, BWI
140, VGA, CHI
1, VGA, DCA
264, VGA, EWR
824, VGA, IAD
490, VGA, JFK
2, VGA, MDW
248, VGA, NYC
534, VGA, ORD
2, VGA, SAT
404, VGA, SFO
169, VGA, WAS
1, VIE, MAA
1, VLD, DEL
1, VNS, EWR
1, VNS, JDH
49, VNS, JFK
9, VNS, NYC
131, VTZ, ATL
31, VTZ, AUS
1, VTZ, BOM
6, VTZ, BWI
72, VTZ, CHI
4, VTZ, DCA
1, VTZ, DEL
1, VTZ, DFW
8, VTZ, DTT
47, VTZ, DTW
264, VTZ, EWR
1, VTZ, GSO
195, VTZ, IAD
96, VTZ, JFK
73, VTZ, LAX
1, VTZ, MDW
172, VTZ, NYC
255, VTZ, ORD
9, VTZ, PDX
1, VTZ, PHL
5, VTZ, PHX
8, VTZ, RDU
601, VTZ, SFO
1, VTZ, SIN
1, VTZ, SJC
72, VTZ, WAS
3625, WAS, AMD
2, WAS, AMM
5, WAS, AMS
1, WAS, ATH
413, WAS, ATQ
5, WAS, AUH
192, WAS, BBI
3, WAS, BCN
224, WAS, BDQ
2, WAS, BHJ
88, WAS, BHO
1, WAS, BJS
15, WAS, BKK
4590, WAS, BLR
12607, WAS, BOM
1, WAS, BRU
37, WAS, CCJ
1544, WAS, CCU
41, WAS, CDG
275, WAS, CJB
1, WAS, CNX
1216, WAS, COK
5, WAS, CPH
16324, WAS, DEL
2, WAS, DFW
8, WAS, DPS
1, WAS, DTW
72, WAS, DXB
8, WAS, FRA
1, WAS, GAU
99, WAS, GOI
1, WAS, GVA
3, WAS, HAM
2, WAS, HAN
38, WAS, HKG
10449, WAS, HYD
1, WAS, ICN
159, WAS, IDR
31, WAS, IST
29, WAS, IXC
3, WAS, IXJ
3, WAS, IXZ
50, WAS, JAI
3, WAS, JFK
1, WAS, KBL
2, WAS, KTM
8, WAS, LHR
10, WAS, LIS
70, WAS, LKO
25, WAS, LON
5427, WAS, MAA
5, WAS, MAD
1, WAS, MCI
2, WAS, MCT
1, WAS, MEM
1, WAS, MIL
1, WAS, MLE
7, WAS, MUC
4, WAS, MUN
349, WAS, NAG
7, WAS, NCE
4, WAS, NYC
2, WAS, ONT
63, WAS, PAR
172, WAS, PAT
597, WAS, PNQ
2, WAS, PRG
2, WAS, REK
2, WAS, ROM
10, WAS, SFO
1, WAS, SIN
1, WAS, SOF
11, WAS, SXR
1, WAS, SYD
1, WAS, TIR
1, WAS, TLV
709, WAS, TRV
3, WAS, TYO
989, WAS, VGA
1, WAS, VIE
338, WAS, VTZ
7, WAS, ZRH
1, WAW, BOM
4, WAW, CCU
2, XMN, TAS
83, XNA, BLR
2, XNA, COK
51, XNA, DEL
4, XNA, DFW
163, XNA, HYD
11, XNA, JFK
87, XNA, MAA
1, XNA, PHL
1, XNA, WAS
3, YEA, AMS
1, YEA, DUB
1, YOW, SEA
1, YQG, BLR
1, YQG, BOM
12, YQG, DEL
5, YQG, HYD
2, YTO, BKK
24, YTO, BLR
94, YTO, BOM
3, YTO, CCJ
240, YTO, DEL
93, YTO, HYD
3, YTO, JFK
38, YTO, MAA
1, YTO, TIR
5, YVR, DEL
3, YVR, HOU
3, YVR, IAH
2, YVR, LAX
1, YVR, LHR
1, YVR, PEK
1, YVR, PVG
1, YVR, SGN
2, YVR, USM
3, YYZ, AMD
1, YYZ, ATL
2, YYZ, BEG
39, YYZ, BLR
69, YYZ, BOM
2, YYZ, COK
155, YYZ, DEL
16, YYZ, HYD
1, YYZ, IST
19, YYZ, MAA
2, YYZ, OTP
5, YYZ, SJJ
2, YYZ, TIR
1, ZFV, DEL
1, ZQN, AKL
7, ZRH, BOS
9, ZRH, DEL
